0,1,2,3,4,5,6,7,8,9,10,11,12,13,14,15,16,17,18,19,20,21,22,23,24,25,26,27,28,29,30,31,32,33,34,35,36,37,38,39,40,41,42,43,44,45,46,47,48,49,50,51,52,53,54,55,56,57,58,59,60,61,62,63,64,65,66,67,68,69,70,71,72,73,74,75,76,77,78,79,80,81,82,83,84,85,86,87,88,89,90,91,92,93,94,95,96,97,98,99
0.145879,0.1927763141074716,0.2442504127360321,0.2996086836545673,0.3582144768135119,0.4194837958816053,0.4828920184002644,0.5479805785379886,0.6143415932943658,0.6816265747048486,0.7495345470520989,0.817806994321941,0.8862291443559661,0.9546162895241296,1.0228173216485132,1.0907059991487316,1.1581779544242716,1.225150086128391,1.2915535686028925,1.3573353096139047,1.422453255128197,1.4868752732082884,1.5505783728601146,1.6135457071156711,1.6757671210873548,1.7372369216751338,1.7979535571329748,1.857919040729037,1.9171378050029888,1.9756168451793816,2.033364748479844,2.090391627735055,2.146708758832915,2.202328210347593,2.2572628171888995,2.311525811731713,2.3651308120272345,2.418091614885895,2.4704221259681702,2.522136273455017,2.5732479148692358,2.6237708216327995,2.6737185742983027,2.723104595179007,2.771942052454118,2.820243886081533,2.868022779966061,2.9152911221072886,2.9620610614575136,3.0083444267089217,3.054152797011468,3.099497470066928,3.1443894653469964,3.1888395779637726,3.2328583311514514,3.2764560564530574,3.319642879879746,3.3624287618476214,3.404823547075257,3.446836989677473,3.4884788250209704,3.5297588368152333,3.5706869519694653,3.611273319057736,3.65152853014486,3.691463671049806,3.7310906859053934,3.770422604049482,3.809473794191531,3.848260809242888,3.886802398544752,3.925120976141741,3.963243227368627,4.001201178904391,4.039035176083566,4.076793867871883,4.114539917646576,4.152351787554992,4.19032849415679,4.228600339362278,4.267329296366816,4.306731944735213,4.347085424373224,4.388749648922555,4.432209304272856,4.478079210476299,4.527206076562886,4.580695766688288,4.640048843961833,4.707289261690432,4.785209095594425,4.877693519422972,4.990169905754048,5.130811109524469,5.311387015779431,5.550258670769329,5.878669090679659,6.346118232344961,7.05973060250404,8.233729
0.145879,0.1932825471005505,0.2453209614950061,0.3013247598709496,0.3605965051650049,0.4225617744764918,0.4866375579043465,0.5523593477380616,0.6193620426072196,0.687280027084112,0.7557638340437458,0.8245821750754606,0.8935334208227294,0.9624159513238384,1.0310623238032726,1.0993681895303042,1.167235227469581,1.2345664481932592,1.3012940982132355,1.367376927749516,1.432774551037759,1.497444102421569,1.5613617253555416,1.6245232395490896,1.6869246731973708,1.7485620544955438,1.8094313319211943,1.8695290611812587,1.928863239894171,1.9874450935878687,2.0452858477902907,2.102396728029374,2.1587885540388068,2.214471728678453,2.2694607337760417,2.3237705465024208,2.377416144028439,2.430412503524945,2.482772832005404,2.534508809646628,2.585634941382424,2.636165784291791,2.6861158954537263,2.735499831947229,2.784332150851297,2.832627409244929,2.880399851233219,2.9276594853069957,2.974417167760887,3.0206846202302566,3.0664735643504666,3.111795721756879,3.1566628140848554,3.201086562969759,3.245078690046952,3.2886496481764187,3.331807934677814,3.374563432102359,3.416926054895626,3.4589057175031868,3.5005123030468748,3.541754678574282,3.5826427004921766,3.623186902421482,3.66339781798312,3.7032859807980136,3.7428618702505903,3.782137566756576,3.821128185428592,3.859849074516363,3.8983158482732616,3.9365502275517343,3.974578758835332,4.012427991269692,4.050134883178785,4.0877506628436455,4.125327695530666,4.16293835914934,4.200682827487539,4.238675025232302,4.277072496872122,4.316079693371831,4.355938022467151,4.397033423636661,4.439829861034874,4.484879414718362,4.533053830140083,4.585366922159268,4.643379221475962,4.709023481018939,4.785049997426383,4.875358109937735,4.985351674668393,5.123250427155686,5.300804584791924,5.536782937173099,5.861383039254678,6.329543108831424,7.044603612693619,8.233729
0.145879,0.1937910603624996,0.2464123177477983,0.3030508626748017,0.3629864335370358,0.4256282669163942,0.4903771892723385,0.5567582563084088,0.6243999846684394,0.6929303713593563,0.7619945773629062,0.831359846744304,0.9008238831182148,0.970184412209641,1.0392741670754873,1.1079902386404958,1.1762358479276416,1.2439107229589663,1.310936114045656,1.377282372162717,1.442922657344348,1.5078301296247465,1.571977949038111,1.6353401105414038,1.6979108965981398,1.759694852447527,1.820696529302888,1.8809204783775435,1.94037107411126,1.999052692669992,2.0569776692912507,2.1141601279043454,2.170614192438584,2.226353986823277,2.2813930424617848,2.335743963962353,2.3894221572846206,2.4424432685147623,2.494822943738952,2.5465768290433624,2.5977185934548306,2.648260699379637,2.698217391759845,2.747602918168961,2.7964315261804877,2.844717463367929,2.8924749773047904,2.939718315564576,2.986461214707927,3.0327132881024226,3.078485261886041,3.1237884078751663,3.168633997886179,3.2130333037354606,3.2569975972393954,3.300538150214364,3.3436662344767485,3.386391441705036,3.4287221385305267,3.470668095974386,3.5122390872319773,3.5534448854986653,3.594295263969812,3.6347997159977647,3.674965640478376,3.714804675296883,3.754329622623682,3.793553284629173,3.8324884634837497,3.8711479613578113,3.909545571300421,3.947702589256566,3.985643674053722,4.023393390109231,4.06098590716341,4.098468733966404,4.135890435065475,4.173318370073829,4.2108462561221485,4.2485804168790775,4.286670725596397,4.325309544718419,4.364730245953293,4.405299239803955,4.447451314199428,4.491736141014092,4.538997621696332,4.590210696877774,4.646924851134325,4.711029408700721,4.785258904365606,4.873450011397718,4.981014793676235,5.116103737640386,5.290673143691663,5.523594843967045,5.845955162598492,6.312572842386995,7.029719533933155,8.233729
0.145879,0.1943087427753186,0.2475451651198068,0.3048242871148965,0.3654476403139524,0.4287101874830597,0.494097993505186,0.5611629272129298,0.6294525863894745,0.6985544419555135,0.7681989319350605,0.838133216886216,0.9080934010471288,0.9778629488799828,1.0473394203991424,1.11642603182884,1.18502599939331,1.2530425393167843,1.3203825757379226,1.387004503451212,1.4528887489798268,1.5180157388469988,1.5823658995759593,1.6459193718091951,1.7086609862127982,1.7705954116462477,1.8317304932139773,1.8920740760204235,1.9516340051700196,2.010415441431556,2.0684216913635525,2.125668811194447,2.182173696765212,2.237953243916822,2.29302434849025,2.347403906326469,2.4011088132664526,2.4541558395043115,2.5065557456637704,2.5583209348664564,2.6094667831367286,2.6600086664989444,2.709961960977462,2.75934204259664,2.808164287380837,2.8564440713544097,2.9041954916071684,2.951428268889828,2.9981542872366367,3.0443856910993223,3.0901346249296147,3.1354132331792424,3.1802336602999337,3.224608050743418,3.268548496045048,3.3120641896433085,3.3551639588443574,3.3978576980316326,3.440155301588573,3.4820666638986197,3.523601679345208,3.56477024231178,3.605582247181772,3.646046875513339,3.686172344923888,3.7259697330738826,3.7654503220346873,3.804625393877665,3.843506230674181,3.882104543594957,3.9204375268348928,3.958524688776038,3.9963855606275542,4.034044308497964,4.071535297066594,4.108894917622062,4.146174923451102,4.183439758337627,4.220768572749119,4.258268299269367,4.296077426335101,4.334376778873871,4.373409340852982,4.413486773849407,4.455042932604927,4.498629851472638,4.545025327816988,4.595252494061404,4.650685111546657,4.713310877759708,4.785847504077954,4.871857858548698,4.977320146974716,5.109577419239669,5.2812899300977465,5.510844747358155,5.829734874198916,6.294869427039629,7.014635037490432,8.233729
0.145879,0.1947865133006855,0.2485469715009653,0.3064264973855594,0.3676720100822521,0.4316315741265999,0.4977237477045604,0.5654254740527973,0.6342832237772543,0.7039763647043333,0.7741895275069448,0.8446146173317515,0.9150423111681534,0.9853130812678286,1.055266984001509,1.1247390772439687,1.1936479406844736,1.2619421673273403,1.3295703501768863,1.3964810822374285,1.4626224820778098,1.527958098765663,1.5924830489560344,1.6561952091057723,1.7190924556717242,1.781172665110739,1.842432967265258,1.9028783814478505,1.962522338131237,2.0213783961591907,2.0794601143754856,2.136781007234841,2.1933528248655576,2.249190571359256,2.304311123104448,2.3587313564896437,2.4124681479033527,2.465537760872551,2.5179527350779014,2.5697282680156253,2.620880223514767,2.6714244654043706,2.72137685751348,2.7707532636711405,2.819569547706396,2.8678415734482905,2.9155819191616925,2.96280056223578,3.0095097752833344,3.055721831903879,3.1014490056969355,3.1467035702620256,3.1914977991986717,3.2358439661063945,3.2797543445847177,3.323241195783896,3.36631297917569,3.4089772447626885,3.4512437958385305,3.493122435696857,3.534622967631306,3.5757551949355184,3.616528920903133,3.656953948827791,3.697040082003131,3.736797070091973,3.7762324819737696,3.8153576907135225,3.854186312446098,3.892731963306363,3.931008259429184,3.969029045665313,4.006814369195999,4.044391042343087,4.081786018655628,4.119032828103703,4.156184693143572,4.193297819842528,4.230445644625709,4.267729054185189,4.3052785876537625,4.343264731820198,4.381918190130595,4.421537821876911,4.462533801848596,4.505453488748169,4.551026838157068,4.600268613028142,4.654547944694415,4.715768324583667,4.786610756438853,4.870660991916314,4.9735834686309,5.103470597896305,5.272151387554899,5.49854718852508,5.815379213956168,6.277615447630154,6.999794042299103,8.233729
0.145879,0.1953042300701646,0.2496802655286375,0.308188405635435,0.3700659281727236,0.4346800644313239,0.5013834927367384,0.569670818204583,0.639152455630122,0.7094382861060449,0.7801584333414349,0.8510765863189038,0.921989213599984,0.9926928412585644,1.063021252891952,1.1328759955556078,1.202165020679999,1.2707926650932089,1.3386848647892742,1.4058175536468551,1.472169537647683,1.5377196227734888,1.6024466150060035,1.6663295746094282,1.72936675049107,1.7915667629303222,1.8529382386835276,1.9134898045070288,1.9732298819385323,2.032166041050878,2.090313148817007,2.147687897071421,2.204306977648624,2.260187082383115,2.315344211497005,2.3697927254257385,2.423549580336023,2.4766319838246997,2.5290571434886058,2.580842266924582,2.632002499443264,2.682551290657359,2.7325037060847985,2.7818748138312497,2.830679682002379,2.878933378703854,2.926650972041341,2.973847530120507,3.020537590713605,3.066731269268609,3.1124395969603373,3.1576741519494385,3.202446512396559,3.246768256462349,3.290650962307456,3.334106208092529,3.3771455719782155,3.419778922297533,3.4620145573325667,3.50386202440241,3.5453308729220163,3.586430652306341,3.6271709119703366,3.667560975650338,3.707608203378095,3.7473228094955697,3.7867158840640514,3.8257985171448263,3.864581798799185,3.9030768190884135,3.9412948757398434,3.9792526430844704,4.01697114677511,4.054471499496927,4.091777597848977,4.12892656638393,4.16595942625795,4.202929949533663,4.2399142297261525,4.276999805565318,4.314311133771927,4.352007645624296,4.390309754740344,4.429503784856533,4.469979639574875,4.512264721944958,4.557070485186588,4.605378506140434,4.658529256821684,4.718423417842768,4.787493052594468,4.8696885488344925,4.970573144860217,5.097754797380727,5.263498517961202,5.48710750733522,5.800697157877105,6.261929752152202,6.985246766953305,8.233729
0.145879,0.1962723474448988,0.2517598234326475,0.3114712703755086,0.3745994861305673,0.4404797821178249,0.50843298278183,0.5779340573078315,0.6485822050678355,0.7199760836920863,0.7917366544019063,0.8636259704101426,0.9354403693618634,1.006976265755611,1.0780686766765406,1.1486224575519062,1.2185490385503197,1.2877561521456982,1.3561730431131584,1.4237793988320613,1.490557814659966,1.5564908859544315,1.6215612080730182,1.685751210535768,1.7490616958685568,1.8115039050936912,1.8730890860668945,1.93382848664389,1.9937331302927976,2.052812614842362,2.111083390576762,2.168563757247984,2.225272014608016,2.2812264624088447,2.336444644477514,2.390942004257309,2.444736450089769,2.4978461491956128,2.5502892687955576,2.602083976110322,2.65324632055387,2.7037903499610985,2.753731626610529,2.8030857153445226,2.851868181005439,2.900094588435639,2.947780502477483,2.994941487973332,3.0415925663592054,3.0877441510373864,3.1334074656764037,3.1785942840671826,3.223316380000649,3.2675855272677308,3.3114134996593525,3.3548120709664406,3.397793014979922,3.440366375654664,3.4825404494735923,3.524324707953211,3.5657286246729782,3.6067616732123526,3.647433327150792,3.68775286414698,3.727727685937818,3.767367320592906,3.8066820170343663,3.8456820241843177,3.884377590964881,3.922778966298176,3.960896465092833,3.998744558128587,4.036341444859001,4.073705406835541,4.110856891868182,4.147827868733311,4.184653919804704,4.22137999276927,4.25807383291511,4.294811314293537,4.331699747273226,4.368887698326846,4.406561649016108,4.444994737394531,4.484533479368115,4.525668522967238,4.569069305850602,4.615650818891196,4.666703472069745,4.72403876389264,4.7900911718935,4.868741359287755,4.965146005478449,5.087282368182671,5.247404352953732,5.464962888341779,5.772716374070989,6.229927066903725,6.955157663205029,8.233729
0.145879,0.1967330506121932,0.2527493478693612,0.3130350194000941,0.3767872565837242,0.4432716143390734,0.511864855556914,0.5820110637903215,0.6532436475341278,0.7251337345587517,0.7974017338226704,0.8697871195426946,0.9420316040621944,1.0139480724808634,1.0854167743725516,1.1563200459391003,1.226533897828878,1.295984554436177,1.3646440057571048,1.4324845260545866,1.4994783895915476,1.56559765926585,1.6308179940102123,1.6951421221174263,1.7585790703977775,1.821137865661553,1.8828275347190384,1.9436563506733848,2.003633574173433,2.062777062826728,2.1211054743313835,2.1786374663855126,2.2353916966872296,2.291383450334614,2.346626585549485,2.401140235571932,2.4549435875897263,2.50805582879064,2.5604961463624427,2.6122837274929065,2.6634377593698018,2.713976826677785,2.763912886483872,2.813259705104393,2.862032277952089,2.9102456004397013,2.957914667979969,3.0050544759856326,3.0516800198694325,3.09780629504411,3.14344626945194,3.188609720279515,3.233308014120667,3.277552541947313,3.3213546947313706,3.3647258634447548,3.4076774390593845,3.4502206714981623,3.4923644972769785,3.53411780945986,3.575489911916085,3.616490108514929,3.657127703125672,3.697411999617589,3.73735230185996,3.776957484221281,3.8162361094753554,3.855197851782613,3.893852423859248,3.932209333789521,3.970280905426868,4.008081076853876,4.045623677873741,4.082923376395869,4.12000610604997,4.15690062774732,4.193636569068042,4.230258394871489,4.26682352432938,4.303409062993355,4.340114466256996,4.377077007906168,4.41447922091091,4.45257081896114,4.491678487275896,4.532304580926112,4.575047366500224,4.620845578267268,4.670933589039578,4.727055572479429,4.791756696530868,4.868565126214015,4.962937743355201,5.082576250772484,5.2397215217178505,5.454217990195007,5.759174945787064,6.214645598597167,6.942944820064207,8.233729
0.145879,0.1972155116558298,0.2537834818774797,0.3146646093516275,0.3790228951030549,0.4461268194984487,0.5153259348419296,0.586042890772003,0.6577845833558462,0.7302139366595223,0.8029999973237355,0.8758209121109797,0.9484664193493672,1.0207811744544486,1.0926098701912288,1.163814454714115,1.2343212157326733,1.3040701153744472,1.3729997254663324,1.4410525986798792,1.5082167779374038,1.574488013968787,1.6398620575039105,1.7043346592726558,1.767900544180721,1.8305624447343185,1.8923361340474232,1.9532378675259912,2.0132839005759795,2.0724904848188666,2.1308715833830645,2.1884441018958625,2.245228113833708,2.3012436926730477,2.3565109118903296,2.411049395366329,2.464873875523124,2.518001539956842,2.5704507652010453,2.622239927789296,2.6733874042551573,2.72391157113219,2.773830804953957,2.823163482254022,2.871925122207862,2.920126884838483,2.967782651946026,3.0149063564533294,3.0615119312832277,3.1076133093585576,3.1532244236021563,3.19835920693686,3.243031319860127,3.2872507278117498,3.3310274355261145,3.374372014386226,3.4172950357750915,3.459807071075716,3.5019186916711047,3.543640468944265,3.584981977872491,3.6259510130721297,3.666556606310024,3.706807832428071,3.746713766268169,3.786283482672218,3.825526056482116,3.864450494659609,3.903065185514799,3.9413811044526255,3.9794100302647664,4.017163741742897,4.054652861814937,4.091894820082675,4.12891469668672,4.165737656091987,4.202389686978937,4.23891253853528,4.275360921094346,4.311804125475439,4.348339701514053,4.385092215822105,4.422236167359101,4.460004520475084,4.498732133640339,4.538851534880326,4.581009903336537,4.626054363265527,4.675197849724812,4.730209789545232,4.793458560359635,4.868682190061707,4.960999866927489,5.078321183185181,5.232806294226223,5.444353639735109,5.746226631907534,6.198235981360702,6.928736923557432,8.233729
0.145879,0.1981360877940734,0.2557639034295835,0.3177891433280474,0.3833313771818485,0.4516052839569477,0.5219692179580949,0.593812793538639,0.6666738039183546,0.740133484226613,0.8138512986056268,0.8875642539595727,0.9610317788696328,1.0340870644630775,1.1065818363987625,1.1784026339604106,1.2494690106338084,1.319709135380476,1.3890804008342588,1.4575478074677644,1.5250885987659293,1.59169291007338,1.6573535823045824,1.722073590993818,1.7858589077929978,1.8487189720315809,1.910667754476012,1.971719849595818,2.0318926181576065,2.09120448617896,2.149674310715982,2.207322133089744,2.264167961433881,2.3202319178181763,2.375534377632752,2.4300952348214597,2.4839342828283053,2.5370711124494365,2.589524588029184,2.6413134905600195,2.6924559453223336,2.742969533505772,2.7928716196573906,2.842178674031586,2.8909069533583462,2.9390721175598515,2.9866891782492413,3.033772959088475,3.0803374548892943,3.126396408305469,3.1719630802561767,3.217050112765668,3.2616699952867103,3.305834523525768,3.3495552455883426,3.392843343715534,3.435709467734339,3.478164148878166,3.520217384431572,3.561878961765192,3.603158415419321,3.6440648998397567,3.684607492391418,3.724794971374009,3.764636029021549,3.80413926375759,3.843313305384575,3.882166808938584,3.920708753945188,3.958948561085558,3.99689598044054,4.034562472725811,4.0719599601228,4.10910320182334,4.1460100339055055,4.182700631529241,4.219203929171332,4.255552481660471,4.291795284123584,4.32799205642743,4.364225489377088,4.400608454822292,4.437295393849986,4.474499544690489,4.5125165134070455,4.551758602479604,4.592804630863959,4.636469264197884,4.683907129000813,4.736768396139539,4.7974436322290925,4.869380619934258,4.957870001152131,5.070462271039867,5.219731763740133,5.425164143441074,5.7202723102164805,6.169981886362669,6.901308827039378,8.233729
0.145879,0.1985989882124154,0.2567574796029494,0.3193203685640676,0.3854410613119052,0.4543111029150468,0.5252390247962997,0.5976544309309291,0.671036487551186,0.7450003489805688,0.8191776721523625,0.8932883046279048,0.9671463681552132,1.0405680297160094,1.1133810645347997,1.1854887339218014,1.2568209621278408,1.327307626316493,1.3968905864032968,1.4655482704078862,1.5332655031163631,1.6000259561479429,1.6658151696413674,1.730643457925664,1.7945246905263137,1.857472736968797,1.9195014667785948,1.9806231347134853,2.0408519434598635,2.100209394963781,2.158717215143416,2.2163971299169463,2.2732708420813483,2.329357113477093,2.384675033373247,2.4392455121992427,2.4930894603845126,2.546227788358491,2.5986810858685465,2.65046667501326,2.701602071017328,2.7521051823591867,2.801993917517273,2.851286184970024,2.8999990908216726,2.948147049722487,2.995744782418906,3.042807056324429,3.089348638852555,3.1353842907542355,3.180927427826778,3.2259899233869835,3.27058384231066,3.314721249473617,3.3584142097516643,3.4016746736949206,3.444513068816032,3.4869392586289214,3.5289631906187844,3.570594812270816,3.61184407107021,3.652720535415275,3.693232621212712,3.733388997425228,3.7731983571969625,3.81266939367206,3.851810795230767,3.8906308075680496,3.9291382884076698,3.967342583235401,4.005252952676874,4.0428789559431735,4.080233998713133,4.117332237575484,4.1541872474058845,4.190817481509448,4.227254322028783,4.263530200040177,4.299681933799098,4.33576982340036,4.371870584860058,4.408090823300053,4.444575509522649,4.481526778597889,4.519226458726008,4.558067092675373,4.598596379591155,4.641634127868459,4.688246281888286,4.740137178297752,4.799543741652927,4.869985405073865,4.956561508673999,5.06691867583918,5.213686798512849,5.415816712059788,5.70902708362885,6.155646531979177,6.888331760544115,8.233729
0.145879,0.1990516988245318,0.2577299091360325,0.3208513405140784,0.387549371764613,0.4569973997791363,0.5284908286352843,0.6014502955806572,0.6753477778506328,0.749795187581893,0.8244214491770986,0.898945587142421,0.973182674692504,1.0469498654251783,1.1200760272581114,1.1924661940699413,1.2640523011806934,1.3347662342847173,1.4045517208249336,1.47338891962171,1.54126439405011,1.6081646764055662,1.6740842515943208,1.7390322481192655,1.8030191335368944,1.8660552324426176,1.9281547017989091,1.9893369401955396,2.0496215685772325,2.1090277234031904,2.1675756368804118,2.2252872637074,2.2821845671226564,2.3382885336646373,2.3936199966655853,2.4482002949715063,2.502050703003595,2.5551911357509165,2.6076409760426458,2.6594197565788,2.710546837069672,2.7610400211438546,2.8109166484313124,2.860194106405334,2.908889453152705,2.9570182143376766,3.0045956531472666,3.05163704436378,3.098157137901298,3.14416938771874,3.1896871406815674,3.23472373363833,3.2792917969562287,3.323403020971792,3.367069062973456,3.4103015356985207,3.4531112515968387,3.495508437516288,3.5375033204698947,3.579106021949893,3.620325898358306,3.66117204605184,3.701653568497535,3.741779376649254,3.781557901991681,3.820997620437752,3.860107006977613,3.89889427053709,3.937368119684765,3.9755376061292,4.013411744662508,4.05100011443518,4.088314913077578,4.125368764107698,4.162174837780535,4.198754408910665,4.235131483444812,4.271333516688577,4.307401482719546,4.343388818829001,4.379367527030007,4.415436840703718,4.451734103657862,4.488450564812812,4.525854103903154,4.564323110096791,4.604391205828872,4.646824203753001,4.6927114483092,4.743562822207285,4.801879510789046,4.870659902765727,4.955530863814625,5.063720554689922,5.207921102859356,5.407142173695948,5.697366127942026,6.141658815250573,6.875122322990423,8.233729
0.145879,0.1999385383830206,0.2596359980722201,0.3238902445283182,0.3917322649231655,0.4623063842519661,0.5349234175301587,0.6089312836110066,0.6838462172881523,0.7592237408444606,0.8346951850159253,0.9100327807990508,0.9850170101237564,1.0594351688938943,1.1331565851735177,1.206098020168685,1.2781766105934744,1.349317946016587,1.419491288428321,1.4886784768016317,1.5568612833702062,1.6240278391445129,1.690185062144517,1.755342830892621,1.819510869221045,1.882702065829784,1.944936335892987,2.006234212408126,2.066615835399588,2.1261020116978835,2.1847159312474447,2.242480882932097,2.299419361833557,2.355553244357922,2.4109051681497906,2.465497757459241,2.519352400722428,2.572489554193367,2.624929893996472,2.67669401127756,2.727800984117648,2.778269083134029,2.8281166521437617,2.8773618335257862,2.926021175407205,2.974110708140602,3.0216464885825007,3.068644213784791,3.115118107909388,3.1610821444582804,3.2065503018430883,3.2515360102201774,3.2960515266606447,3.3401090123119737,3.383720612704765,3.4268977757713075,3.469651138215156,3.5119913122837776,3.55392885555224,3.595473573241013,3.636634808889245,3.677421909514121,3.717844101149317,3.757909965438606,3.7976279594065945,3.8370065472692287,3.8760539768343234,3.9147783836450425,3.9531881446413126,3.9912916293137632,4.029097220425457,4.066614708698046,4.103854332885512,4.140826338840906,4.177545348078205,4.21402844620947,4.250294109854154,4.286369111801842,4.322287777364903,4.358096141184165,4.393857212047481,4.429658249207589,4.4656205496050685,4.501915305208827,4.538784586749631,4.576572867625416,4.6157761833535975,4.657105866945519,4.701585747766752,4.750656443341011,4.806728177494407,4.872701853831183,4.954104941758645,5.05807330157396,5.197264260092061,5.390751694516989,5.675007231458803,6.114510355710495,6.84916534080474,8.233729
0.145879,0.200378464412523,0.2605808707875918,0.3253776697298122,0.3937775447025021,0.4649072949118911,0.5380661056540109,0.6125917663284315,0.6879954555663581,0.7638287578776156,0.8397208614424854,0.9154446081578784,0.990781238549784,1.0655188844714722,1.139528544197919,1.2127291111587564,1.285039857609987,1.3563884075591837,1.4267459679910055,1.4960963601836916,1.564423332946573,1.6317167605604237,1.6979850604073048,1.7632396087598752,1.8274916085287565,1.8907551655373491,1.9530512464359369,2.014401436292797,2.07482689345368,2.134349220656819,2.1929923258427437,2.250780216723078,2.3077360609284296,2.3638822498667604,2.419241908130032,2.473838146602698,2.527692787408507,2.5808266252282017,2.63326066621617,2.6850158296627065,2.73611147109922,2.786566087467369,2.8363982471174216,2.885626312965081,2.9342670109993514,2.9823365251426623,3.029851065677114,3.0768264769646665,3.1232770981029034,3.16921700748031,3.2146602884170625,3.259620468069504,3.3041098780043314,3.3481407500588536,3.3917253003484835,3.434875038283674,3.4776006460656856,3.519912779824786,3.5618220408139387,3.6033382664259954,3.644470816964338,3.68522905522476,3.725622223030359,3.7656588944558496,3.8053474953012336,3.8446964579145937,3.88371399791906,3.922408145598578,3.9607871294938937,3.99885917211751,4.036632502154129,4.074116490111753,4.111320866573146,4.148255572408723,4.184934519086449,4.221373059726506,4.25758895336578,4.293606919917743,4.329458988494346,4.365187925912103,4.400852525175036,4.436534283010096,4.472347641035295,4.508453864640521,4.545083053310707,4.582564004708684,4.6213726300954665,4.662195322969152,4.706025045307605,4.7542649631717735,4.80928020259816,4.873921776378553,4.9536644975442,5.055594090675565,5.1923434195333344,5.383008008439035,5.66428561456839,6.101332761509631,6.836410336341226,8.233729
0.145879,0.2008143932779161,0.2615171023961353,0.3268510022122154,0.3958024334529559,0.4674807200394828,0.5411735454713733,0.6162087139508254,0.6920925118421588,0.7683727514301045,0.8446766240632326,0.9207776922340172,0.996458062668838,1.0715068029799228,1.1457966344654067,1.2192486182589617,1.291784197614279,1.363333056703277,1.4338683479687049,1.5033758718265282,1.5718413503782225,1.6392563920551804,1.705630896889091,1.770977721791761,1.83530953155608,1.8986416307029224,1.960996018120366,2.022395311707624,2.0828616690990422,2.1424174713809987,2.201087327518115,2.258895947075674,2.3158671538985405,2.372023840319345,2.4273896042358145,2.48198802953152,2.5358413594259064,2.5889707163484967,2.641397425983003,2.6931427253091957,2.7442262380936917,2.7946666796492954,2.8444828349521143,2.89369327966043,2.9423149110501488,2.990364060739949,3.0378570865686325,3.084809974534686,3.131237174065157,3.1771528641760605,3.2225712288367125,3.267505888229651,3.3119692453598986,3.355973599879756,3.3995312356153438,3.442653721000494,3.485351782239257,3.527636117977987,3.5695173717742392,3.611005412662186,3.652109618591906,3.69283936912795,3.733203922865143,3.77321184967181,3.812871549926047,3.852191429977718,3.891179679423456,3.929844236546416,3.968193198570955,4.006234660112574,4.04397678028857,4.081428458808741,4.118598795347202,4.155498267317795,4.192139165222129,4.22853525851972,4.264704338968942,4.300669031950038,4.336458893319813,4.372113859442531,4.40768861123664,4.443259419386909,4.478933508302993,4.514863245062364,4.551266535835792,4.588457651328522,4.62689064085731,4.667222987891708,4.710428555934942,4.757943167471079,4.811845737191239,4.87538339382888,4.953409974619015,5.053331944480685,5.187681585705684,5.375553374293897,5.653859168453829,6.088412991712478,6.8238023378577255,8.233729
0.145879,0.2012464222675222,0.2624448963731053,0.3283105645288918,0.3978073896811807,0.4700272739773388,0.5442465284873405,0.61978311712638,0.6961385963749509,0.7728571698487833,0.8495641749057328,0.9260340008528885,1.0020497247351927,1.0774014462264954,1.1519636594085452,1.2256596259589747,1.2984129929496064,1.3701555281015472,1.440862328367143,1.5105211689011269,1.5791197405891215,1.6466513760520436,1.7131274409538364,1.778562255464773,1.842969928811937,1.90636694580576,1.9687763185436944,2.0302216787279663,2.0907261644791646,2.1503129180229594,2.209007232768032,2.266834503550663,2.32381919449401,2.3799846851953244,2.4353550336344223,2.489954283476599,2.54380508685195,2.5969288836428315,2.649347308940272,2.7010819073362566,2.752152561967414,2.80257819888329,2.852377812095728,2.901570182525464,2.950172372436723,2.998200855523473,3.0456721315646647,3.092602322767096,3.139005984485069,3.1848973922922528,3.230290826736766,3.275199997229667,3.319637375292292,3.363615325644426,3.4071461970756407,3.450241614692412,3.492912347282269,3.535169134715295,3.577022661548844,3.618482827974104,3.6595590305600143,3.700260666726853,3.740597012880434,3.7805766382524566,3.82020792413408,3.859499257291168,3.898458807815269,3.937094437087581,3.975414131078896,4.013425873015642,4.051137663502658,4.088558118025231,4.12569602813063,4.16256139686964,4.199165855265536,4.235522371592549,4.271647574742811,4.307562540435567,4.34329475746797,4.378881373535799,4.4143733991726855,4.44984203916322,4.485388103247996,4.5211552643622746,4.557349995906184,4.594271500719491,4.63235439421159,4.672237683337403,4.714861370563432,4.761613637868938,4.814542618254817,4.876838665017535,4.953299530342715,5.051276312445698,5.183268117901568,5.368377730136412,5.643719316633824,6.0757451293818985,6.811339118522685,8.233729
0.145879,0.2016712431280796,0.2633552050111155,0.3297383644192087,0.3997734925697327,0.4725446055975992,0.547270069021313,0.6233081163144353,0.7001167697729406,0.7772640302113664,0.8543991751099332,0.9312406885401012,1.0075730705021777,1.0832235103912449,1.1580644320422964,1.2319990670546908,1.3049568380214378,1.3768905509028937,1.4477678696462613,1.517571937117969,1.5862957272927272,1.6539408231138584,1.7205158422341655,1.7860338487225318,1.8505123504053231,1.913971339685852,1.9764330574173063,2.037921188136974,2.098460277520519,2.1580755328516728,2.216792274567016,2.27463590968734,2.3316315394744205,2.387803982028729,2.443177538330324,2.4977759571671547,2.55162241946605,2.604739362433912,2.6571486437995007,2.708871331791894,2.759927839135,2.8103378844790985,2.860120430266444,2.909293846390664,2.957875740156604,3.005883128860304,3.053332383452592,3.100239225770858,3.1466188559482013,3.1924858223136936,3.237854185097645,3.2827374525657187,3.327148608462813,3.371100201004376,3.414604247891063,3.4576723760817982,3.5003157588493714,3.5425451581049354,3.584370982432767,3.625803223127568,3.666851568223081,3.7075253493940696,3.74783359401641,3.787785063914536,3.827388230368464,3.866651367139896,3.905582536347604,3.944189664526073,3.9824805935512297,4.020463170108916,4.058145335879806,4.095535329420853,4.132641855093835,4.169474415223772,4.206043766578762,4.242362540322211,4.278446174318767,4.314314230957975,4.349992362745729,4.385515074434033,4.420929902717188,4.456303418216896,4.4917300594065965,4.527345251635063,4.563344674642376,4.600013125361244,4.63776767846707,4.677221405405849,4.719279724200128,4.765287162412205,4.817283076724825,4.878388359011438,4.9533036859824975,5.049492671772098,5.17896848968578,5.36184720916829,5.633739013096733,6.063024003734196,6.798899158854604,8.233729
0.145879,0.202098424110688,0.2642739680589953,0.3311856848181489,0.4017524872503212,0.4750313512637087,0.5502759622161462,0.6267846387665718,0.7040495278023595,0.7816178894146492,0.8591333415166733,0.9363327941705896,1.0129789491283534,1.088918067088959,1.164017080190801,1.23817955916176,1.3113440193629269,1.3834573145919498,1.4544949620358592,1.5244400060869194,1.5932862393844494,1.6610393549740825,1.7277071013329208,1.7933054326303834,1.8578528860981076,1.92137007908773,1.98388101919802,2.045409891026208,2.105982172035501,2.165624054628563,2.224361290370974,2.2822199969561257,2.339226001629004,2.3954043225947945,2.45077998679077,2.5053770431915017,2.559218915098144,2.6123286807503687,2.66472814530439,2.7164388683922893,2.767481478671974,2.817875733803596,2.867641095563634,2.916795811489475,2.965357809028533,3.0133442661849235,3.0607715092050105,3.107655631088988,3.1540117066518496,3.1998544874008963,3.245198156565554,3.290056147902136,3.334441715113974,3.378367299521269,3.4218450433127887,3.464886668664469,3.5075032680154705,3.549705794841281,3.591504572303004,3.6329096606955713,3.673930816876223,3.714577293564487,3.754858238326599,3.794782341610227,3.834358091388587,3.873593779172856,3.9124973882146015,3.9510768433996177,3.989339899983164,4.027294319105774,4.064947883798217,4.102308689941161,4.1393850467878,4.176186297507133,4.212722527864244,4.2490057176129525,4.285050355954254,4.3208747208466,4.356502703307231,4.391966424109393,4.427310240633714,4.462596294301932,4.497913224552567,4.533388662231395,4.569207457790659,4.6056413403278045,4.643087297613167,4.682141430689242,4.723668435083392,4.768998260708119,4.820127773127327,4.880011979810417,4.953473194721187,5.047768383136664,5.175009448775538,5.355196030563525,5.62413685861376,6.0508246707491855,6.786702852284534,8.233729
0.145879,0.2025164949218084,0.2651699383544205,0.3325905399984916,0.403686833352269,0.4775087832849953,0.5532499883440524,0.6302525640283653,0.7079638667363859,0.785946576193337,0.863847928897081,0.9413868530934,1.0183501397621617,1.0945682111523176,1.169917485213651,1.2443054408661014,1.317665884498798,1.3899559139406603,1.4611473447137473,1.5312272323722949,1.600192197337526,1.6680472163710849,1.734803985251171,1.8004784129300002,1.8650905653143792,1.9286627604265647,1.991219348052103,2.052785892767965,2.1133886570014315,2.173054371735439,2.231809736331006,2.289681397978258,2.346695561044105,2.40287804802724,2.458254048995039,2.5128481184881357,2.566684160429202,2.619785256819058,2.6721738525211323,2.7238715360199084,2.7748991929946363,2.8252769663518915,2.875024198424058,2.924159605269468,2.972701101554513,3.0206659848377657,3.0680708774577545,3.1149317271791648,3.1612639400072826,3.2070822472972096,3.2524008764078407,3.2972334852187184,3.341593192028395,3.385492667206857,3.4289440365201678,3.4719590250036005,3.514548892459093,3.5567244772409863,3.598496255380548,3.6398742747229385,3.6808682712886207,3.721487613449045,3.761741353767623,3.801638267090168,3.8411868197394337,3.880395263471839,3.9192716112908847,3.957823708107013,3.9960592746565,4.033985971369479,4.071611486964897,4.108943690348808,4.1459907817692265,4.182761563993664,4.219265828921406,4.25551487973997,4.291522342069583,4.327305295080661,4.362885985711079,4.398294344359163,4.433571614503644,4.468775918800766,4.503990281549672,4.539334837280673,4.574984878381173,4.611198236422754,4.648356617474929,4.687027283947424,4.728057131978227,4.772717163348048,4.822956347717452,4.881788987749869,4.953796970176231,5.046322889079314,5.171286806642369,5.348811955717814,5.614811846938907,6.038872536770393,6.774652656652976,8.233729
0.145879,0.2033623493041744,0.2669765197185508,0.3354249336019387,0.4075641162966572,0.4824131438671618,0.5591471466992379,0.637084283852257,0.7156697979364253,0.7944575955894074,0.8730935724857734,0.9513005339875056,1.028864145829714,1.105621505634334,1.1814514796437126,1.2562662906532784,1.3300049278915087,1.4026277023254368,1.474111655146548,1.5444470148164238,1.6136342954650753,1.6816818974655303,1.7486042660429444,1.814420391288704,1.8791525883565567,1.9428255620316477,2.00546565171346,2.0671002292157565,2.127757236176433,2.187464818783087,2.2462510444764465,2.304143683741223,2.3611700467512047,2.4173568628025457,2.472730187271476,2.5273153415547074,2.5811368740267,2.6342185301118906,2.6865832437920982,2.738253137977379,2.7892495254187883,2.8395929246815945,2.8893030782068903,2.938398967338577,2.9868988386438198,3.0348202286040795,3.082179984182548,3.1289942922519915,3.175278705443291,3.2210481639726742,3.2663170245999966,3.3110990850993445,3.3554076053419326,3.3992553341785325,3.4426545315646493,3.485616988137666,3.528154049546554,3.5702766361860334,3.6119952613277166,3.653320053266666,3.694260773453686,3.734826834219365,3.775027320323918,3.814871007861949,3.854366384847998,3.89352167682653,3.932344873404365,3.9708437615503622,4.00902596926068,4.046899020615305,4.084470412428921,4.12174771981466,4.15873874664406,4.195451741173309,4.231895709464521,4.26808087387,4.304019347641009,4.339726132319884,4.375220598076921,4.410528688372123,4.445686215080054,4.480743790336893,4.515774247838333,4.550883835340802,4.586229135365966,4.622042789105697,4.658672755028286,4.696642591070653,4.736744347145385,4.78018524675051,4.828818999179732,4.885513389272721,4.954777118831602,5.04381941063284,5.1644409766851,5.336774893886158,5.597072481692274,6.015961423445126,6.750807572091869,8.233729
0.145879,0.2037732581423642,0.2678580937502968,0.3368086075383805,0.4094589320522571,0.4848114468121302,0.5620295077423717,0.6404235283361253,0.7194341617337726,0.7986130708475182,0.8776056035768904,0.9561351956595682,1.0339889137911475,1.1110057322165114,1.1870666536632533,1.2620861433564494,1.3360054351261477,1.408787017509149,1.4804099997757298,1.5508665439769955,1.6201589513159855,1.6882972605909383,1.7552974088542186,1.8211797377510968,1.8859677830054,1.9496873479435783,2.0123657585791266,2.074031271908677,2.1347126223486663,2.1944386656376884,2.253238104286181,2.311139276647212,2.368170000740961,2.424357460261911,2.479728116945022,2.534307655794958,2.58812095077049,2.641192038735056,2.693544114758371,2.745199535820529,2.79617982446503,2.846505687464487,2.8961970362149767,2.945273003690553,2.993751972668428,3.0416516020501887,3.08898884878572,3.135779998648704,3.1820406932248524,3.2277859526945325,3.273030205743148,3.31778731482525,3.3620705979147,3.405892856049688,3.449266395994771,3.4922030502608026,3.534714201862522,3.57681080436735,3.6185034002500425,3.659802143218977,3.700716816390566,3.7412568499161942,3.781431342313426,3.8212490789028695,3.860718551619088,3.899847983512044,3.938645353579132,3.9771184275788336,4.015274798291713,4.0531219356076855,4.090667256112972,4.127918219068472,4.164882462960568,4.201568002007252,4.237983512720691,4.274138755016294,4.310045194852845,4.345716929609706,4.3811720689961,4.4164348030676255,4.451538510851556,4.486530438032895,4.5214787781234245,4.556483413308362,4.591692238741497,4.627326124446132,4.663717215293127,4.701368052026488,4.741043131294315,4.783914158555463,4.831790108434129,4.887484216916064,4.955441720617023,5.04280410195457,5.161312731747957,5.331083334991516,5.588484664613169,6.0046845248236345,6.739152950418557,8.233729
0.145879,0.2041808585494213,0.2687324634728615,0.3381804671788243,0.4113365988398278,0.4871866173783686,0.564882232303335,0.6437262628596216,0.7231549259517932,0.8027177822511798,0.8820597542178537,0.9609050081188496,1.0390420897557249,1.116311907816832,1.192597641552866,1.2678160238641432,1.3419105463929777,1.4148458789715554,1.4866031954723982,1.55717658269745,1.6265701162563642,1.694795458125972,1.761870020311438,1.8278154782580005,1.892656570192652,1.9564201800194896,2.019134602809455,2.080828963800492,2.14153277400526,2.201275583376979,2.2600867150473207,2.3179950616985736,2.375028936560019,2.431215965963796,2.4865830070926696,2.5411560984563493,2.594960430256785,2.648020322176067,2.7003592224232627,2.751999714724163,2.8029635246738978,2.853271541049767,2.90294383849674,2.9519996963742927,3.0004576288482334,3.048335412808396,3.095650111120684,3.1424181047200213,3.188655120712432,3.234376256091541,3.2795960085785567,3.324328302661636,3.368586511998918,3.4123834876117445,3.4557315810738407,3.498642664968717,3.5411281580716247,3.583199045716006,3.6248658983818784,3.666138894217728,3.707027837284981,3.747542175130804,3.787691019958279,3.8274831666795017,3.8669271120702944,3.906031078317578,3.944803036367419,3.9832507345486414,4.0213817358109765,4.059203463369462,4.096723263933333,4.13394849510282,4.170886648908472,4.207545531151978,4.243933523040352,4.280059967529246,4.315935743383468,4.351574122747294,4.386992057790213,4.422212118255007,4.45726542040281,4.49219605944676,4.527067857659298,4.561974658658974,4.597056061952944,4.632521617621554,4.668688153453608,4.70603770135642,4.745307555516975,4.787635250123901,4.834781868714749,4.889509545219383,4.956199857179932,5.0419099014280535,5.158338376486759,5.325581437349178,5.58000068305114,5.993498511746504,6.727852776436336,8.233729
0.145879,0.2049864165260138,0.2704601838275802,0.3408896909785082,0.4150418409096548,0.4918693876434928,0.5705011353273656,0.6502251668352016,0.7304692801521274,0.8107792467444755,0.890799494287923,0.9702559390523864,1.048940308232994,1.1266975424620802,1.2034152849539392,1.2790148718639154,1.353444343655434,1.4266727388316458,1.4986853461582543,1.5694800726183051,1.6390645027571518,1.707453498062974,1.774667369354911,1.8407304064610308,1.905669698860476,1.9695142384791524,2.032294206822919,2.0940404159437955,2.154783882770371,2.214555501017565,2.273385793092574,2.3313047211075126,2.388341552176266,2.444524763976489,2.499881973168068,2.554439896230179,2.6082243290440656,2.661260132228675,2.7135712375291097,2.765180661234316,2.8161105158065385,2.866382036353523,2.916015607772957,2.965030787279737,3.013446338119016,3.061280260577809,3.108549817809857,3.155271570475027,3.201461406993254,3.247134569065418,3.2923056843062946,3.336988793780232,3.3811973756663645,3.4249443747044443,3.4682422264071606,3.5111028783730016,3.5535378163016964,3.595558084997849,3.6371743074470606,3.678396707763468,3.719235129639885,3.759699053916281,3.79979761956973,3.839539641210653,3.878933627225497,3.917987801812026,3.956710125919991,3.995108322269002,4.033189907549764,4.070962230587823,4.108432524760854,4.1456079804596815,4.18249584674979,4.219103579918982,4.255439061446981,4.29151092246739,4.327329030446811,4.362905223672113,4.398254425102115,4.433396339089139,4.468358040662765,4.503177950805593,4.537911941473677,4.572642769125693,4.607494653952006,4.642655952819386,4.678414529403882,4.715213239292995,4.753737090421263,4.795054912379603,4.840839658907028,4.893743550366192,4.9580172323328044,5.040573187465747,5.152974877744266,5.315255458643568,5.563959124249162,5.971985788268967,6.705188198650069,8.233729
