epoch,Adam0.1,Adam0.01,Adam0.001,Adam+LBFGS0.1,Adam+LBFGS0.01,Adam+LBFGS0.001,RMSProp+LBFGS0.1,RMSProp+LBFGS0.01,RMSProp+LBFGS0.001
1,4.039588260998165,4.112545057116086,6.731440958559037,4.039588260998165,4.112545057116086,6.731440958559037,4.553380031343819,3.34306531750795,5.463766760537382
2,3.092545868118328,3.667481823976746,6.054110982504735,3.092545868118328,3.667481823976746,6.054110982504735,10.95105844491226,3.2961261574888456,5.4609459925289325
3,3.883481545518358,3.497208406726148,5.691521346633258,3.883481545518358,3.497208406726148,5.691521346633258,5.796349501515053,3.2752897305195834,5.458007034958566
4,4.516891890432309,3.3530424556862126,5.455682716638744,4.516891890432309,3.3530424556862126,5.455682716638744,4.821264348644573,3.265382927692451,5.454945061752424
5,4.655518278813354,3.1326701886368307,5.286975034811021,4.655518278813354,3.1326701886368307,5.286975034811021,4.770766400782907,3.260673867698291,5.451755149467526
6,4.529371816687037,2.799054639644148,5.1591406404004525,4.529371816687037,2.799054639644148,5.1591406404004525,4.70199549013889,3.258468699530027,5.44843313132869
7,4.237629494472982,2.413820428057225,5.058448219018158,4.237629494472982,2.413820428057225,5.058448219018158,4.665403484188603,3.2574405536800235,5.4449742665854535
8,3.91615416044443,2.287624336898008,4.976891247257416,3.91615416044443,2.287624336898008,4.976891247257416,4.649367533589485,3.2569400233622945,5.441374569236458
9,5.089694318111625,2.564837966642425,4.909433231187272,5.089694318111625,2.564837966642425,4.909433231187272,4.641883913122491,3.2566619325438824,5.437629425131961
10,4.636383831812614,2.7851507386810965,4.852721665471469,4.636383831812614,2.7851507386810965,4.852721665471469,4.638720139193608,3.2564695613663,5.433734230553726
11,4.857696524054028,2.778509658847823,4.804423176981999,4.857696524054028,2.778509658847823,4.804423176981999,4.635626449468466,3.2563058587888984,5.4296852642542985
12,11.424661631256743,2.580274176432812,4.762857376411997,11.424661631256743,2.580274176432812,4.762857376411997,4.642321779219158,3.2561474474702847,5.425477543513313
13,6.489287450716851,2.267596675031056,4.726775861593268,6.489287450716851,2.267596675031056,4.726775861593268,4.653268158267029,3.255986390147693,5.421107401790384
14,6.15551308116401,2.051912315953803,4.695230061580464,6.15551308116401,2.051912315953803,4.695230061580464,4.636137355238375,3.2558198714587077,5.4165699808240095
15,5.1676271909838345,2.17462273589315,4.667482888077307,5.1676271909838345,2.17462273589315,4.667482888077307,4.625225075581109,3.2556466163357114,5.411861698244543
16,5.239675399846362,2.439613825290389,4.642951690900935,5.239675399846362,2.439613825290389,4.642951690900935,4.620775093605364,3.2554664284674892,5.4069782549791645
17,5.924201624824229,2.5644489245735764,4.6211683895544695,5.924201624824229,2.5644489245735764,4.6211683895544695,4.617849956845426,3.2552788798406773,5.40191551514894
18,6.12856527768503,2.497032829585841,4.601752050814423,6.12856527768503,2.497032829585841,4.601752050814423,4.615071505739245,3.2550846221378604,5.396670094921875
19,5.9380569138172765,2.3014933973111016,4.584388229305393,5.9380569138172765,2.3014933973111016,4.584388229305393,4.612482188025427,3.2548825324807407,5.391238330812272
20,5.467187228612257,2.1294440658818576,4.568815386179172,5.467187228612257,2.1294440658818576,4.568815386179172,4.610115836074433,3.254673609557142,5.385616635426153
21,4.966244090297763,2.1528363935522923,4.554813189978486,4.966244090297763,2.1528363935522923,4.554813189978486,4.607986117528775,3.254457154260337,5.379801772935913
22,4.975299472968404,2.315925019207299,4.542194656076436,4.975299472968404,2.315925019207299,4.542194656076436,4.606098055384113,3.2542327756033496,5.373790727562568
23,5.337127610855122,2.426497925223495,4.53080013334043,5.337127610855122,2.426497925223495,4.53080013334043,4.604438018018527,3.254001240649921,5.367581034699595
24,5.574285105834009,2.4049096146825675,4.520492193628795,5.574285105834009,2.4049096146825675,4.520492193628795,4.603007448957458,3.2537622354111386,5.361170092531098
25,5.586297007222003,2.286796709828044,4.511151441921541,5.586297007222003,2.286796709828044,4.511151441921541,4.601854695819772,3.253515484075485,5.3545559129952265
26,5.402257203519628,2.181906293658136,4.502674230224808,5.402257203519628,2.181906293658136,4.502674230224808,4.601185507691594,3.2532617925288445,5.34773685646
27,5.10342830849625,2.195513280569483,4.494969642938483,5.10342830849625,2.195513280569483,4.494969642938483,4.602505438700613,3.2530007302652493,5.340711692307415
28,4.8679834265737965,2.293714162378782,4.48795793740177,4.8679834265737965,2.293714162378782,4.48795793740177,4.605366066802192,3.2527327168799873,5.333479904512889
29,4.8810611659240175,2.3586561158386394,4.481568190475704,4.8810611659240175,2.3586561158386394,4.481568190475704,4.621109221963333,3.2524577468010714,5.3260413797971236
30,5.060309004331816,2.335631882798193,4.475738606205287,5.060309004331816,2.335631882798193,4.475738606205287,4.600209250873099,3.2521758143082637,5.318396720257812
31,5.208709075038372,2.2573066206109864,4.470413071044221,5.208709075038372,2.2573066206109864,4.470413071044221,4.598635440974768,3.2518875327503003,5.310547127228969
32,5.2394301533128464,2.205691905894557,4.465542419610931,5.2394301533128464,2.205691905894557,4.465542419610931,4.603134274926904,3.25159351605751,5.302494579831821
33,5.151053368995471,2.230872096748437,4.461082470934589,5.151053368995471,2.230872096748437,4.461082470934589,4.595868155942535,3.251293333229473,5.294242124015706
34,4.9912537461337285,2.28995734756319,4.45699350126501,4.9912537461337285,2.28995734756319,4.45699350126501,4.596800356484394,3.250987598512956,5.285793823321805
35,4.850841980064921,2.3125214633537268,4.453240288397511,4.850841980064921,2.3125214633537268,4.453240288397511,4.596434440227729,3.250676345589977,5.277154198135393
36,4.819009224263908,2.280301446513492,4.449790184187446,4.819009224263908,2.280301446513492,4.449790184187446,4.6012237088814025,3.250360538341849,5.268329697356207
37,4.891380926561791,2.232255864694237,4.446615388924749,4.891380926561791,2.232255864694237,4.446615388924749,4.59391285938797,3.2500405602095888,5.25932744276084
38,4.983209625107394,2.220604784383615,4.44368942329098,4.983209625107394,2.220604784383615,4.44368942329098,4.594335562863736,3.2497162132942226,5.250155899707016
39,5.0252455755770935,2.2505450988429705,4.440989005127455,5.0252455755770935,2.2505450988429705,4.440989005127455,4.594248561582025,3.2493879589522723,5.240824579164427
40,4.997369693805362,2.27865073785382,4.438493212027927,4.997369693805362,2.27865073785382,4.438493212027927,4.597122137148657,3.24905664720736,5.2313447387082475
41,4.919335827285847,2.2721105245666164,4.436182555957563,4.919335827285847,2.2721105245666164,4.436182555957563,4.593722773667477,3.248722275055496,5.221728774044305
42,4.837951544077382,2.2413373645870145,4.434040169625916,4.837951544077382,2.2413373645870145,4.434040169625916,4.596227721067381,3.248385693873699,5.211989955600297
43,4.802118251964207,2.222159870504377,4.432049966750555,4.802118251964207,2.222159870504377,4.432049966750555,4.593174464148241,3.248046590668294,5.202143193609113
44,4.824358598040615,2.232484679837756,4.430198036020505,4.824358598040615,2.232484679837756,4.430198036020505,4.595332150829526,3.247705934493291,5.192204234412133
45,4.872616974061114,2.252449391495134,4.428471312243661,4.872616974061114,2.252449391495134,4.428471312243661,4.59291904630309,3.247364073689344,5.182189984540428
46,4.905219962121228,2.2545549949011976,4.4268582598703805,4.905219962121228,2.2545549949011976,4.4268582598703805,4.595507047891136,3.2470211626198853,5.172118113684158
47,4.900994520077017,2.2368312202825216,4.425348063005424,4.900994520077017,2.2368312202825216,4.425348063005424,4.592641124064145,3.2466778615994776,5.1620070878221425
48,4.865009110621254,2.2206791338784826,4.4239312429563205,4.865009110621254,2.2206791338784826,4.4239312429563205,4.595584439166088,3.246334325933204,5.151876200236156
49,4.821228085255883,2.2226498212157333,4.422598837998914,4.821228085255883,2.2226498212157333,4.422598837998914,4.592424351854151,3.2459905943496588,5.1417445473748575
50,4.796830583082605,2.23457634424228,4.421343316779688,4.796830583082605,2.23457634424228,4.421343316779688,4.5959754436060445,3.245647134007707,5.13163230015289
51,4.802634477335446,2.237536148279188,4.420156969927338,4.802634477335446,2.237536148279188,4.420156969927338,4.592200704683467,3.2453046464482584,5.121558827437985
52,4.826264278595788,2.2268265285928943,4.419033601220362,4.826264278595788,2.2268265285928943,4.419033601220362,4.5965000083889835,3.244962781981448,5.111543894669594
53,4.845615514588093,2.21518738684346,4.417967166216571,4.845615514588093,2.21518738684346,4.417967166216571,4.592021063953198,3.244621931119692,5.10160741143236
54,4.846341182050739,2.214590742134769,4.416952078659552,4.846341182050739,2.214590742134769,4.416952078659552,4.597499702905871,3.2442827188842123,5.091767684772637
55,4.829107550149498,2.221171112221828,4.415983638978704,4.829107550149498,2.221171112221828,4.415983638978704,4.591868002949425,3.243944717875728,5.082043539550859
56,4.8064902887215055,2.222666285977839,4.415057194646392,4.8064902887215055,2.222666285977839,4.415057194646392,4.598673377356205,3.2436096073427882,5.072452553457326
57,4.793281284329773,2.215390135518186,4.414168626732088,4.793281284329773,2.215390135518186,4.414168626732088,4.591912084488525,3.2432867587664638,5.063011212235169
58,4.7956659097308405,2.2074171230774158,4.4133144025576,4.7956659097308405,2.2074171230774158,4.4133144025576,4.6006207529935,3.2431187754001307,5.053734884923768
59,4.807648065690492,2.206454406666289,4.412491215894152,4.807648065690492,2.206454406666289,4.412491215894152,4.591912084488525,3.2449563519083466,5.0446383806171005
60,4.817582280649796,2.209843730950366,4.411695746365096,4.817582280649796,2.209843730950366,4.411695746365096,4.601418657797775,3.2580110728309752,5.03573413310859
61,4.817615725085071,2.209711073340394,4.410925389034655,4.817615725085071,2.209711073340394,4.410925389034655,4.5932651008470256,3.261650637796803,5.0270333087411405
62,4.808323986899685,2.204166757875562,4.4101776503322325,4.808323986899685,2.204166757875562,4.4101776503322325,4.611994348335778,3.250404103892234,5.018545790124669
63,4.79687326502958,2.1987768164339743,4.409450270720052,4.79687326502958,2.1987768164339743,4.409450270720052,4.592440972213806,3.2448389665798816,5.010278763880244
64,4.7910068076965,2.198003274073204,4.40874104351952,4.7910068076965,2.198003274073204,4.40874104351952,4.592591869603908,3.2429267486935376,5.0022382036737145
65,4.793221877490885,2.199393113250573,4.408048120019175,4.793221877490885,2.199393113250573,4.408048120019175,4.7073693097083025,3.242179375597712,4.994427724827979
66,4.799641715354862,2.1980271440822428,4.407369645465578,4.799641715354862,2.1980271440822428,4.407369645465578,6.625549066605421,3.2417927350024502,4.986848962375953
67,4.804030921733659,2.193569349567605,4.40670449105782,4.804030921733659,2.193569349567605,4.40670449105782,7.796979885712233,3.2415309290009215,4.979501632414316
68,4.802851016254518,2.189952421413284,4.406050731174232,4.802851016254518,2.189952421413284,4.406050731174232,7.8530011357757115,3.241322287483072,4.972384297282736
69,4.797356343887917,2.189316277894786,4.405407411574194,4.797356343887917,2.189316277894786,4.405407411574194,10.520333542210876,3.2411478321070826,4.965493287301071
70,4.791877975848534,2.189350323276836,4.404773452994796,4.791877975848534,2.189350323276836,4.404773452994796,6.446944307489171,3.241016227241503,4.958824672935826
71,4.79008487769962,2.1872339478932963,4.404147406329351,4.79008487769962,2.1872339478932963,4.404147406329351,6.373063272037563,3.2409691598224244,4.95237377794496
72,4.792253139321254,2.183631497499736,4.4035287973334825,4.792253139321254,2.183631497499736,4.4035287973334825,5.678676439118338,3.2411195878138166,4.946135527763263
73,4.795588756643679,2.181182251237463,4.402916293486185,4.795588756643679,2.181182251237463,4.402916293486185,5.455470634093748,3.2417378067786715,4.940104454828642
74,4.796928946958731,2.1804698870239974,4.4023094162853695,4.796928946958731,2.1804698870239974,4.4023094162853695,5.379955877173541,3.2433540535043646,4.934275424220469
75,4.795247588304749,2.179540012028903,4.401707440824676,4.795247588304749,2.179540012028903,4.401707440824676,5.347255900662485,3.2462730693250896,4.928642285822285
76,4.79207766966004,2.1771014586881727,4.401109517722183,4.79207766966004,2.1771014586881727,4.401109517722183,5.325533183423334,3.248681625729288,4.923199099611723
77,4.789893190330657,2.17424284202697,4.400515163626801,4.789893190330657,2.17424284202697,4.400515163626801,5.305970804134591,3.247815872613862,4.917939281045265
78,4.789998730992722,2.172479311970826,4.3999241395527084,4.789998730992722,2.172479311970826,4.3999241395527084,5.2862411921899035,3.244965315029196,4.912855821429476
79,4.791666931206398,2.171499392938131,4.399335591631519,4.791666931206398,2.171499392938131,4.399335591631519,5.265736218617593,3.2424998081410137,4.907940629305714
80,4.793065016532721,2.1699262338871312,4.39874915566201,4.793065016532721,2.1699262338871312,4.39874915566201,5.2442798365036385,3.240937584676303,4.903185634733648
81,4.792921226423269,2.1674940848011843,4.398164589567017,4.792921226423269,2.1674940848011843,4.398164589567017,5.221803533399508,3.2400018897598777,4.898581763433888
82,4.791449027392496,2.1652416437053845,4.397581343010522,4.791449027392496,2.1652416437053845,4.397581343010522,5.19826484961762,3.2394242132311426,4.894119305396748
83,4.789923832851873,2.1637741882392105,4.396999295359622,4.789923832851873,2.1637741882392105,4.396999295359622,5.173627968026081,3.2390592423996734,4.8897880686015975
84,4.789461884111819,2.162445514323276,4.396418079265174,4.789461884111819,2.162445514323276,4.396418079265174,5.147861618710944,3.2388568676199454,4.885577234509688
85,4.790122894930008,2.1605245157808897,4.395837400489692,4.790122894930008,2.1605245157808897,4.395837400489692,5.120937977101401,3.2388241670376487,4.88147581642341
86,4.791035539443954,2.158292693578823,4.395257161480332,4.791035539443954,2.158292693578823,4.395257161480332,5.092835549511934,3.239019256828971,4.8774719099387855
87,4.7912832957519855,2.156450961275337,4.394676906512797,4.7912832957519855,2.156450961275337,4.394676906512797,5.063539839721081,3.239517942830721,4.873553530165253
88,4.790677828482968,2.1549995156440707,4.394096450504327,4.790677828482968,2.1549995156440707,4.394096450504327,5.033046868070619,3.2403332782625154,4.8697084701766284
89,4.789790631644319,2.153359299315352,4.393516003372778,4.789790631644319,2.153359299315352,4.393516003372778,5.001367143838318,3.2412126892516167,4.865923923483738
90,4.789343443991354,2.15134141706695,4.392935219126668,4.789343443991354,2.15134141706695,4.392935219126668,4.968530393670685,3.2416071006602833,4.862187488591555
91,4.789563345530578,2.1493650300085765,4.392353676740687,4.789563345530578,2.1493650300085765,4.392353676740687,4.934594213666482,3.2411110596017085,4.858485633116964
92,4.7900747040635805,2.147715187919639,4.391771498875668,4.7900747040635805,2.147715187919639,4.391771498875668,4.899654644660865,3.2399453356030694,4.854805861507318
93,4.790322116825063,2.1461333677913093,4.3911887837062205,4.790322116825063,2.1461333677913093,4.3911887837062205,4.863860787735353,3.2386107635990515,4.85113509775291
94,4.790082467288673,2.144304697617828,4.390605233052891,4.790082467288673,2.144304697617828,4.390605233052891,4.827439675421486,3.2374379183144644,4.847460070853474
95,4.789600634173249,2.1423502588456507,4.390020535638831,4.789600634173249,2.1423502588456507,4.390020535638831,4.790728997215029,3.236507076826475,4.843768101058671
96,4.789295947558672,2.1405655681847526,4.389434751689523,4.789295947558672,2.1405655681847526,4.389434751689523,4.754226368013262,3.235798111885746,4.8400465182509915
97,4.789362117540145,2.1389308722381344,4.388848065720397,4.789362117540145,2.1389308722381344,4.388848065720397,4.718658188960504,3.2352682125290446,4.836282811712973
98,4.789635776032565,2.137200532082016,4.388260215475825,4.789635776032565,2.137200532082016,4.388260215475825,4.685064790387187,3.2348948327070883,4.832464471075944
99,4.789801406786784,2.1353196223540745,4.3876709256519,4.789801406786784,2.1353196223540745,4.3876709256519,4.654876311489215,3.2346670840410274,4.828580261781497
100,4.789699304324047,2.133478630917199,4.387080517267885,4.789699304324047,2.133478630917199,4.387080517267885,4.629873920467834,3.234579947107999,4.824618076753587
101,4.789440675711212,2.131771267536689,4.386488789437252,4.789440675711212,2.131771267536689,4.386488789437252,4.61180538429224,3.2345932563581523,4.8205676537101905
102,4.78926038614322,2.130063717167468,4.385895764926492,4.78926038614322,2.130063717167468,4.385895764926492,4.601387791745274,3.2346140467849804,4.816418193027643
103,4.789283885933751,2.128245634323694,4.385301267207539,4.789283885933751,2.128245634323694,4.385301267207539,4.5971842833816865,3.2344774441958988,4.812160168088037
104,4.789431984295538,2.126398717428139,4.384705343727134,4.789431984295538,2.126398717428139,4.384705343727134,4.596164607216102,3.2340415221231327,4.8077845277091225
105,4.789527003566328,2.124634290522087,4.3841080919379545,4.789527003566328,2.124634290522087,4.3841080919379545,4.5960313537808135,3.2332656726053983,4.803283149604777
106,4.789472945569736,2.1229109088147746,4.383509160189658,4.789472945569736,2.1229109088147746,4.383509160189658,4.596022018815593,3.2322537401831255,4.798648688616803
107,4.78933121657895,2.121125804340045,4.382908870389481,4.78933121657895,2.121125804340045,4.382908870389481,4.596021716058505,3.2311454442891714,4.793874330663741
108,4.78923372465024,2.11929162404645,4.382306970376156,4.78923372465024,2.11929162404645,4.382306970376156,4.596021665598982,3.230058267646758,4.788955088236299
109,4.789250029423047,2.117494024640952,4.381703757554674,4.789250029423047,2.117494024640952,4.381703757554674,4.596021766518026,3.2290425679461183,4.78388641806909
110,4.789332381100859,2.115741888943468,4.381098829395646,4.789332381100859,2.115741888943468,4.381098829395646,4.596021716058505,3.2281205999447273,4.778665110759465
111,4.789380125331531,2.1139655454253603,4.380492458427104,4.789380125331531,2.1139655454253603,4.380492458427104,4.596021665598982,3.2272833820994986,4.773289576088791
112,4.789344691678091,2.1121438203483685,4.379884466869914,4.789344691678091,2.1121438203483685,4.379884466869914,4.596021665598982,3.2265264837987235,4.767759757990626
113,4.789265668445136,2.1103288300248573,4.379274977334855,4.789265668445136,2.1103288300248573,4.379274977334855,4.596021716058505,3.225824824546404,4.762076579631545
114,4.789217585990872,2.108548724966599,4.378663673754387,4.789217585990872,2.108548724966599,4.378663673754387,4.596021665598982,3.225150338869786,4.756243650326237
115,4.789233391897007,2.1067652022211383,4.3780511177681465,4.789233391897007,2.1067652022211383,4.3780511177681465,4.596021716058505,3.2244450876938457,4.75026587859385
116,4.789279144427566,2.1049482130783086,4.377436742214978,4.789279144427566,2.1049482130783086,4.377436742214978,4.596021665598982,3.2236469847614706,4.744150309779253
117,4.78929922496817,2.103123765951021,4.376820920927512,4.78929922496817,2.103123765951021,4.376820920927512,4.596021716058505,3.222684801497644,4.737906199882798
118,4.789272822384349,2.101320932577511,4.37620346287108,4.789272822384349,2.101320932577511,4.37620346287108,4.596021564679927,3.2215362428159557,4.731544609751092
119,4.789229099370367,2.099523174168094,4.375584428150531,4.789229099370367,2.099523174168094,4.375584428150531,4.596021716058505,3.2202055004576646,4.725078073657747
120,4.789208518279316,2.0977035220044,4.374963625243564,4.789208518279316,2.0977035220044,4.374963625243564,4.596021716058505,3.2187477366652573,4.718521147832685
121,4.789223409248513,2.0958720682611167,4.374341428986627,4.789223409248513,2.0958720682611167,4.374341428986627,4.596021716058505,3.2172087160141327,4.711889488077371
122,4.789248074528088,2.0940499425041703,4.373717584931687,4.789248074528088,2.0940499425041703,4.373717584931687,4.596021716058505,3.2156403965100497,4.705199666897831
123,4.789252940961645,2.0922353507667597,4.373092090234964,4.789252940961645,2.0922353507667597,4.373092090234964,4.596021716058505,3.214059404515101,4.69846876205543
124,4.78923372465024,2.09040831122967,4.3724650682420325,4.78923372465024,2.09040831122967,4.3724650682420325,4.596021665598982,3.2124821488131925,4.691714658995019
125,4.78921059803694,2.0885678945424977,4.371836390043705,4.78921059803694,2.0885678945424977,4.371836390043705,4.596021665598982,3.2108982887751587,4.68495464493368
126,4.789204724790271,2.0867304131979543,4.371206305481885,4.789204724790271,2.0867304131979543,4.371206305481885,4.596021564679927,3.2093012546081776,4.678206126578404
127,4.789216171766041,2.0848997435571843,4.370574432826868,4.789216171766041,2.0848997435571843,4.370574432826868,4.596021564679927,3.2076573726889603,4.671486532107895
128,4.789227735075095,2.083060360848012,4.369941021978185,4.789227735075095,2.083060360848012,4.369941021978185,4.596021564679927,3.2059429141424527,4.664811830723169
129,4.789225605439732,2.0812092284006707,4.3693059436642665,4.789225605439732,2.0812092284006707,4.3693059436642665,4.596021463760862,3.204106736831118,4.658197266499473
130,4.789212220244883,2.079358213208115,4.368669321642428,4.789212220244883,2.079358213208115,4.368669321642428,4.596021463760862,3.202127959033645,4.651657796552491
131,4.78920128068907,2.07751017779675,4.368031279981564,4.78920128068907,2.07751017779675,4.368031279981564,4.596021403209418,3.1999697459523873,4.645206624039642
132,4.789201946216796,2.0756568889079654,4.367391435693214,4.789201946216796,2.0756568889079654,4.367391435693214,4.596021564679927,3.1976446296546053,4.638855743005273
133,4.789209433373204,2.0737951306619458,4.3667501663487815,4.789209433373204,2.0737951306619458,4.3667501663487815,4.596021463760862,3.1951504713319276,4.632616272579913
134,4.789213676070284,2.0719298620232465,4.366107215456383,4.789213676070284,2.0719298620232465,4.366107215456383,4.596021463760862,3.1925252786651215,4.626498315780099
135,4.789209233716426,2.070066331413114,4.36546258003547,4.789209233716426,2.070066331413114,4.36546258003547,4.596021463760862,3.1897744991683044,4.620510026712331
136,4.789200781542983,2.068198651581766,4.364816638602986,4.789200781542983,2.068198651581766,4.364816638602986,4.596021564679927,3.1869298219290525,4.614659222342499
137,4.789196921471506,2.0663234368494816,4.36416900713874,4.789196921471506,2.0663234368494816,4.36416900713874,4.5960223316644875,3.183979985949296,4.608952165280038
138,4.789199616867814,2.06444414076884,4.363519682627883,4.789199616867814,2.06444414076884,4.363519682627883,4.596032867550745,3.180939537686604,4.6033942098757
139,4.789203693224971,2.062564853146893,4.362868916878859,4.789203693224971,2.062564853146893,4.362868916878859,4.5961727703669535,3.177776416872385,4.597990372704357
140,4.789203526843372,2.0606817978915606,4.362216528849737,4.789203526843372,2.0606817978915606,4.362216528849737,4.598226031056833,3.17449040555115,4.592743695981654
141,4.789199200912068,2.058793582191054,4.361562668741506,4.789199200912068,2.058793582191054,4.361562668741506,4.639339508476636,3.171032782037719,4.58765681833635
142,4.789195082940844,2.0569001706965784,4.360907129674748,4.789195082940844,2.0569001706965784,4.360907129674748,5.095798041199877,3.1673997348271743,4.582731409100793
143,4.789194542195888,2.0550059469950326,4.360249985277493,4.789194542195888,2.0550059469950326,4.360249985277493,4.596414314983644,3.163540012609865,4.577968604816694
144,4.789196705173956,2.0531077562267157,4.3595915139053005,4.789196705173956,2.0531077562267157,4.3595915139053005,4.605966868552245,3.1594640222890957,4.573368634663912
145,4.7891980362350575,2.051203962488596,4.358931355042689,4.7891980362350575,2.051203962488596,4.358931355042689,4.769468936664059,3.155135150699407,4.56893096616305
146,4.789196122834168,2.0492968465865897,4.358269480031258,4.789196122834168,2.0492968465865897,4.358269480031258,6.891149411599868,3.1505886757292143,4.564654186313304
147,4.789192961555111,2.047386473858265,4.357606244402652,4.789192961555111,2.047386473858265,4.357606244402652,6.61561389188294,3.145794033702927,4.560536770555739
148,4.789191380911835,2.0454734791716684,4.356941363753317,4.789191380911835,2.0454734791716684,4.356941363753317,9.698688396697047,3.1407982982940985,4.556576927431477
149,4.789191880062613,2.043555561120047,4.356274835092964,4.789191880062613,2.043555561120047,4.356274835092964,8.25544237874871,3.1355618658147577,4.552773335538058
150,4.7891926703841685,2.041633749882896,4.355606937781643,4.7891926703841685,2.041633749882896,4.355606937781643,5.665116002549638,3.1301277552460034,4.549134400588492
151,4.789192296021405,2.039708082094568,4.3549373868211685,4.789192296021405,2.039708082094568,4.3549373868211685,4.9437689456698495,3.124435114965347,4.5459270594674415
152,4.789190632185201,2.0377795590516623,4.354266359113175,4.789190632185201,2.0377795590516623,4.354266359113175,4.409187418334723,3.1185222203514,4.547538424842863
153,4.789189176326251,2.0358459908641717,4.353593851984304,4.789189176326251,2.0358459908641717,4.353593851984304,4.029558899436437,3.1123043540778563,4.582722204826655
154,4.789188668854919,2.033909186956816,4.352919734059414,4.789188668854919,2.033909186956816,4.352919734059414,3.7887864161439424,3.105824477099587,4.577609402876286
155,4.78918921792225,2.031968794959828,4.352243873605431,4.78918921792225,2.031968794959828,4.352243873605431,3.6551344419094502,3.0989837467444534,4.546776798116833
156,4.78918913473025,2.030025208382428,4.351566911725123,4.78918913473025,2.030025208382428,4.351566911725123,3.5893955263287753,3.0918449494539906,4.535901240681984
157,4.789188136425704,2.028077271089324,4.350888072768866,4.789188136425704,2.028077271089324,4.350888072768866,3.560055961914479,3.0843045317345186,4.533760754112545
158,4.789186971735807,2.026124754041572,4.350207611305907,4.789186971735807,2.026124754041572,4.350207611305907,3.5478787497899162,3.0764521211473053,4.532107759368787
159,4.789186223005872,2.024168456842688,4.349525834246561,4.789186223005872,2.024168456842688,4.349525834246561,3.5430115067243113,3.06817934574811,4.530492543910959
160,4.789185973429102,2.022209251581692,4.348842325718134,4.789185973429102,2.022209251581692,4.348842325718134,3.5409845411106655,3.0595973804991137,4.528911151187845
161,4.789186139813622,2.020246399233257,4.348157366959827,4.789186139813622,2.020246399233257,4.348157366959827,3.5399604775301037,3.0505766927277183,4.52736441616913
162,4.789185640659978,2.0182784772729536,4.347470903552237,4.789185640659978,2.0182784772729536,4.347470903552237,3.5392502121634175,3.0412408687847567,4.525853889414116
163,4.789184642351944,2.016307234172668,4.346782932717328,4.789184642351944,2.016307234172668,4.346782932717328,3.538618238006533,3.0314314568546723,4.52438097475009
164,4.78918406000513,2.014332057573927,4.34609332209331,4.78918406000513,2.014332057573927,4.34609332209331,3.53799231812956,3.0212850526804,4.522946927641008
165,4.789183893620264,2.012353105604028,4.345402198275446,4.789183893620264,2.012353105604028,4.345402198275446,3.537352973894352,3.0106094574110065,4.521553114547312
166,4.789183810427821,2.010370818948269,4.344709428700752,4.789183810427821,2.010370818948269,4.344709428700752,3.5366953767557714,2.9995689540735198,4.5202010131883155
167,4.789183277996019,2.008383950840417,4.344015269963899,4.789183277996019,2.008383950840417,4.344015269963899,3.5360187335979694,2.9879403451734095,4.518891188016192
168,4.789182562540338,2.006394256798427,4.343319589570576,4.789182562540338,2.006394256798427,4.343319589570576,3.5353232683733786,2.975929282257745,4.517624702752748
169,4.7891819385960135,2.004398507491839,4.3426222546548745,4.7891819385960135,2.004398507491839,4.3426222546548745,3.534609467169867,2.963282787809766,4.516402248967989
170,4.789181481036594,2.0024007248617126,4.341923457263528,4.789181481036594,2.0024007248617126,4.341923457263528,3.533877670533944,2.950257283118578,4.515223541676825
171,4.789181314651299,2.0003981043610017,4.341222999360095,4.789181314651299,2.0003981043610017,4.341222999360095,3.5331289494157057,2.9365644245036653,4.514089668537134
172,4.789180898687939,1.9983917228734207,4.340521203539018,4.789180898687939,1.9983917228734207,4.340521203539018,3.532363733948918,2.9225105086026413,4.513001606186667
173,4.78918039953168,1.9963818917759768,4.339817741353946,4.78918039953168,1.9963818917759768,4.339817741353946,3.531583332567528,2.9077557218421473,4.511974598855947
174,4.789179817182395,1.9943680131212216,4.339112609632973,4.789179817182395,1.9943680131212216,4.339112609632973,3.5307885593251704,2.892660691842566,4.511132106720676
175,4.789179526007626,1.9923497978245124,4.338406327484566,4.789179526007626,1.9923497978245124,4.338406327484566,3.5299804940253834,2.87681978780892,4.511692126825305
176,4.789179234832772,1.9903277334023268,4.337698108827273,4.789179234832772,1.9903277334023268,4.337698108827273,3.529161509956333,2.8606596939106392,4.524402874185714
177,4.789178818868548,1.988302064889678,4.336988472931928,4.789178818868548,1.988302064889678,4.336988472931928,3.528332226592479,2.843701095994058,4.553789993088133
178,4.789178236518342,1.986272024022515,4.336277364795296,4.789178236518342,1.986272024022515,4.336277364795296,3.527494528449521,2.826457042151546,4.568916801955945
179,4.789177820553703,1.984237922447732,4.335564676877409,4.789177820553703,1.984237922447732,4.335564676877409,3.5266504825742895,2.808375541514529,4.52620781953577
180,4.789177371311697,1.9821990962521117,4.334850379951689,4.789177371311697,1.9821990962521117,4.334850379951689,3.5258020745943237,2.790080225061652,4.509095203796965
181,4.789176905430887,1.9801579960019609,4.334134654516396,4.789176905430887,1.9801579960019609,4.334134654516396,3.524951296826835,2.7709353561830903,4.507350830834595
182,4.789176489465693,1.9781116698303265,4.333417287905998,4.789176489465693,1.9781116698303265,4.333417287905998,3.524100914796143,2.7516927900035033,4.506856008697941
183,4.789176073500327,1.9760614941552608,4.332698592123806,4.789176073500327,1.9760614941552608,4.332698592123806,3.523253054368934,2.731619776818605,4.50638648448609
184,4.789175740727909,1.974007412201468,4.33197796016242,4.789175740727909,1.974007412201468,4.33197796016242,3.522410084835043,2.71159989348305,4.5059227252559495
185,4.789175075182742,1.9719506472646744,4.331256019455246,4.789175075182742,1.9719506472646744,4.331256019455246,3.5215749744681992,2.690793490208807,4.505460894264074
186,4.789174742409992,1.969887941762886,4.330532530651742,4.789174742409992,1.969887941762886,4.330532530651742,3.520750228056974,2.6702111143967273,4.504999734173621
187,4.789174201654037,1.9678217553728212,4.32980751710744,4.789174201654037,1.9678217553728212,4.32980751710744,3.519938891169022,2.6489182646764196,4.504538471903351
188,4.789173827284358,1.965751487086817,4.329080923165253,4.789173827284358,1.965751487086817,4.329080923165253,3.5191436632524558,2.628033720862509,4.50407589039166
189,4.789173369721228,1.9636776536721496,4.3283527457605135,4.789173369721228,1.9636776536721496,4.3283527457605135,3.5183670440584307,2.606582469091197,4.503611700112988
190,4.789172995351238,1.9615986245430923,4.32762311380568,4.789172995351238,1.9615986245430923,4.32762311380568,3.517611955475676,2.5857255679869566,4.503144104919137
191,4.789172246610838,1.95951634918044,4.326891760331511,4.789172246610838,1.95951634918044,4.326891760331511,3.5168810299610556,2.564563359897138,4.502672457530723
192,4.789171913837147,1.9574299407295832,4.326159012403938,4.789171913837147,1.9574299407295832,4.326159012403938,3.516176787114016,2.544145920291416,4.502195821206567
193,4.7891714978698765,1.9553398352027689,4.3254246689291485,4.7891714978698765,1.9553398352027689,4.3254246689291485,3.515501483952443,2.523843829159634,4.501713523517768
194,4.789170998708925,1.953244330928632,4.324688660596311,4.789170998708925,1.953244330928632,4.324688660596311,3.514857470382314,2.504306336437376,4.501228496653329
195,4.789170665934819,1.9511461316284,4.323951315310392,4.789170665934819,1.9511461316284,4.323951315310392,3.5142464743153465,2.485491978449751,4.500757554279631
196,4.789170333160601,1.9490433070142683,4.323212497939798,4.789170333160601,1.9490433070142683,4.323212497939798,3.513670522523929,2.4672064209026727,4.500404271297845
197,4.789169501224574,1.9469359084984543,4.322471807610429,4.789169501224574,1.9469359084984543,4.322471807610429,3.5131304506925125,2.4504773726828497,4.5007775351313155
198,4.789169168449969,1.9448251320657848,4.321729771638669,4.789169168449969,1.9448251320657848,4.321729771638669,3.512627539715786,2.4336558106395643,4.506379044660948
199,4.789168752481557,1.9427091312600249,4.320986254566945,4.789168752481557,1.9427091312600249,4.320986254566945,3.5121622634809495,2.419512562758287,4.528041702834331
200,4.789168336512972,1.9405897350055004,4.320240668445504,4.789168336512972,1.9405897350055004,4.320240668445504,3.5117352715579173,2.4041663863790217,4.56748804861983
201,4.789167787434176,1.9384659956856207,4.319493967132902,4.789167787434176,1.9384659956856207,4.319493967132902,3.511345806965607,2.392986471596323,4.508617875058213
202,4.789167254993843,1.9363381691898112,4.318745669148354,4.789167254993843,1.9363381691898112,4.318745669148354,3.5109941525723136,2.3789357627062446,4.498305317135975
203,4.78916692221849,1.9342066437180363,4.317995797976087,4.78916692221849,1.9342066437180363,4.317995797976087,3.5106787947467817,2.370941535336259,4.497809560332039
204,4.789166423055255,1.9320692904756784,4.317244350495181,4.789166423055255,1.9320692904756784,4.317244350495181,3.5103997977601984,2.357823091794657,4.497308656512024
205,4.7891658822948,1.929929043007744,4.316491350266148,4.7891658822948,1.929929043007744,4.316491350266148,3.5101852305849874,2.353058411293071,4.496906014354073
206,4.789165591115974,1.927784292336154,4.31573671406457,4.789165591115974,1.927784292336154,4.31573671406457,3.5110892751026728,2.3403601462998878,4.496490211462145
207,4.789164925564052,1.9256353837480933,4.314980492080036,4.789164925564052,1.9256353837480933,4.314980492080036,3.554896187981385,2.3386909600471375,4.496175073177117
208,4.789164592787924,1.9234817159178497,4.314222788159341,4.789164592787924,1.9234817159178497,4.314222788159341,4.634422921978663,2.3258422367674685,4.495903272506047
209,4.789164093623525,1.9213251567451004,4.313463492268732,4.789164093623525,1.9213251567451004,4.313463492268732,7.335471322023438,2.327027918292608,4.496173400440368
210,4.789163594458877,1.9191630857398208,4.312702681599755,4.789163594458877,1.9191630857398208,4.312702681599755,9.554917319377923,2.3135144493957602,4.496902782756807
211,4.789163012099806,1.916997462321896,4.311940219056868,4.789163012099806,1.916997462321896,4.311940219056868,8.46731952046528,2.317283244001405,4.502411837310748
212,4.78916264604536,1.9148272714292485,4.311176235478618,4.78916264604536,1.9148272714292485,4.311176235478618,7.022348343196567,2.3027113850188723,4.504029133639054
213,4.789161930574918,1.9126520799554767,4.3104105935409525,4.789161930574918,1.9126520799554767,4.3104105935409525,5.214538450432071,2.308788511941862,4.52657590383967
214,4.78916143140919,1.9104734788011168,4.309643504893158,4.78916143140919,1.9104734788011168,4.309643504893158,4.940870338915096,2.292881262757104,4.494048596053215
215,4.7891610986319,1.908291277981992,4.308874859064653,4.7891610986319,1.908291277981992,4.308874859064653,4.789530662771266,2.3009727939381723,4.494762845395332
216,4.789160765854499,1.906104364209535,4.308104491406749,4.789160765854499,1.906104364209535,4.308104491406749,4.7098086310156555,2.283536209561576,4.494871452936105
217,4.789160183493781,1.9039127318535456,4.307332721659567,4.789160183493781,1.9039127318535456,4.307332721659567,4.678017741292976,2.293323940602836,4.499733222963795
218,4.789159601132723,1.9017164051428543,4.306559466154214,4.789159601132723,1.9017164051428543,4.306559466154214,4.669920159767977,2.274243229981497,4.498261583773494
219,4.789159268354824,1.899515408566359,4.305784290213416,4.789159268354824,1.899515408566359,4.305784290213416,4.666682940356852,2.285425709249653,4.512140883005428
220,4.789158644395965,1.8973117165042,4.305007756865245,4.789158644395965,1.8973117165042,4.305007756865245,4.66359078072028,2.2646912032211906,4.494266557851586
221,4.789158103631304,1.8951022706689369,4.30422967425456,4.789158103631304,1.8951022706689369,4.30422967425456,4.660419066718487,2.277022024166543,4.499719999643302
222,4.789157604463666,1.8928893031592025,4.303449768795795,4.789157604463666,1.8928893031592025,4.303449768795795,4.657172708813685,2.254725580633846,4.494871720922851
223,4.78915710529578,1.890671714404557,4.302668307342019,4.78915710529578,1.890671714404557,4.302668307342019,4.65386034515719,2.268010211234257,4.503354435774666
224,4.789156522932929,1.8884504225983865,4.301885557578899,4.789156522932929,1.8884504225983865,4.301885557578899,4.650491579016377,2.24428827848069,4.493623575841479
225,4.789156190154006,1.886223609423597,4.301101110349039,4.789156190154006,1.886223609423597,4.301101110349039,4.647078534212424,2.258334937371892,4.500795240052388
226,4.789155724263327,1.8839938630425896,4.300314962136298,4.789155724263327,1.8839938630425896,4.300314962136298,4.643634844173062,2.233305323212857,4.492891461279493
227,4.789155158538638,1.8817587529751667,4.299527177285582,4.789155158538638,1.8817587529751667,4.299527177285582,4.640176260786799,2.2478947720819464,4.500145613894906
228,4.789154651050043,1.8795193993152288,4.29873795619927,4.789154651050043,1.8795193993152288,4.29873795619927,4.636720789683228,2.2216594873474396,4.49210853702371
229,4.789153819100969,1.8772754175102289,4.297947227982772,4.789153819100969,1.8772754175102289,4.297947227982772,4.633288592133773,2.2365755170523887,4.499322774037723
230,4.78915344472366,1.8750277997513487,4.297154649371167,4.78915344472366,1.8750277997513487,4.297154649371167,4.629901236864093,2.2092736942952045,4.491374751770761
231,4.789152862358678,1.8727751803032917,4.296360761179218,4.789152862358678,1.8727751803032917,4.296360761179218,4.626582105913273,2.2243530284497797,4.49864844080861
232,4.789152487981011,1.870518815283705,4.295565015630565,4.789152487981011,1.870518815283705,4.295565015630565,4.623355820381102,2.1961736920162833,4.490652201745389
233,4.789151947213022,1.8682572858083024,4.294767817982665,4.789151947213022,1.8682572858083024,4.294767817982665,4.620247549140222,2.211285699223438,4.497981555902435
234,4.789151531237446,1.865991837215723,4.293968892253017,4.789151531237446,1.865991837215723,4.293968892253017,4.617281605748135,2.1823973057388555,4.48994349260279
235,4.789150948871351,1.8637219271255177,4.2931685080368105,4.789150948871351,1.8637219271255177,4.2931685080368105,4.61448159990601,2.197352680241803,4.49733043289271
236,4.789150366504916,1.861447054900771,4.292366525615844,4.789150366504916,1.861447054900771,4.292366525615844,4.611869346420484,2.167837646990521,4.489247138231261
237,4.789149825735779,1.8591688654573093,4.291562804821497,4.789149825735779,1.8591688654573093,4.291562804821497,4.609462112480765,2.1823758790458863,4.496690365910349
238,4.789149251688222,1.8568850055385016,4.290757478922502,4.789149251688222,1.8568850055385016,4.290757478922502,4.6072742708482,2.1522968277641708,4.488562434414722
239,4.789148868989668,1.854597748898938,4.289950681615219,4.789148868989668,1.854597748898938,4.289950681615219,4.605314675548972,2.16620209554931,4.496059759305233
240,4.789148286622021,1.8523052487208291,4.289142135526036,4.789148286622021,1.8523052487208291,4.289142135526036,4.603586292290464,2.1357474394534286,4.487888843212786
241,4.789147704254035,1.850008974648076,4.288332111493206,4.789147704254035,1.850008974648076,4.288332111493206,4.602086436115179,2.1489344881084684,4.495437459464488
242,4.789147371472177,1.847708770904932,4.287520469063503,4.789147371472177,1.847708770904932,4.287520469063503,4.600807483224657,2.1184095786824177,4.48722530723582
243,4.78914690557739,1.845402126699664,4.286707342328038,4.78914690557739,1.845402126699664,4.286707342328038,4.599735595315465,2.1307785788606566,4.494821695485799
244,4.789146206734801,1.8430934902862637,4.285892315359865,4.789146206734801,1.8430934902862637,4.285892315359865,4.598854282594937,2.1004673176833752,4.4865705294876514
245,4.789145541169977,1.8407790515235805,4.285075797226546,4.789145541169977,1.8407790515235805,4.285075797226546,4.59814325483495,2.1117707745766023,4.494211697543959
246,4.789145041996068,1.8384603730471485,4.284257509138948,4.789145041996068,1.8384603730471485,4.284257509138948,4.597580859768679,2.082030562271771,4.485923817682545
247,4.78914462601762,1.836137533431057,4.283437861150054,4.78914462601762,1.836137533431057,4.283437861150054,4.5971451715232785,2.092010964467897,4.493606246600604
248,4.789144043647503,1.8338095733129476,4.282616436268517,4.789144043647503,1.8338095733129476,4.282616436268517,4.596814373215026,2.0635569214600276,4.485284195671767
249,4.789143544472847,1.8314774945985497,4.281793507022302,4.789143544472847,1.8314774945985497,4.281793507022302,4.596569152923101,2.072002641542837,4.493004232446442
250,4.789143128493776,1.829140831555872,4.280968724519435,4.789143128493776,1.829140831555872,4.280968724519435,4.5963913646496035,2.045745917075582,4.484650120580775
251,4.789142587720725,1.8268004659340584,4.280142569154624,4.789142587720725,1.8268004659340584,4.280142569154624,4.596265557197893,2.0520244805225976,4.492404989891219
252,4.789141963751458,1.824455416677149,4.279314691781893,4.789141963751458,1.824455416677149,4.279314691781893,4.596178542047738,2.028665403017892,4.484021016253912
253,4.789141214987823,1.8221051786054303,4.27848515800545,4.789141214987823,1.8221051786054303,4.27848515800545,4.596119955922641,2.0315844027319683,4.491807908116864
254,4.789140882203805,1.8197506356033255,4.277653964269564,4.789140882203805,1.8197506356033255,4.277653964269564,4.596081710630756,2.0118694907063492,4.48339580801194
255,4.789140216635437,1.817392387559864,4.276821245872151,4.789140216635437,1.817392387559864,4.276821245872151,4.596057592135274,2.0101698768693517,4.4912123748229105
256,4.7891396675412,1.81502928150004,4.275986860594501,4.7891396675412,1.81502928150004,4.275986860594501,4.596042505165579,1.9949301235510233,4.482773644460616
257,4.789139351395896,1.8126612308168588,4.275150943940048,4.789139351395896,1.8126612308168588,4.275150943940048,4.596033674893772,1.987059824739374,4.490618224784121
258,4.789138719104989,1.8102889007334304,4.274313075000326,4.789138719104989,1.8102889007334304,4.274313075000326,4.59602862898916,1.9766601416864944,4.482154056550177
259,4.789138219927676,1.8079128480700104,4.273473667449895,4.789138219927676,1.8079128480700104,4.273473667449895,4.596025702352819,1.960980588789481,4.490024843558318
260,4.789137554357535,1.8055315801765317,4.27263264827639,4.789137554357535,1.8055315801765317,4.27263264827639,4.596024329858342,1.9559898491919658,4.481535940341397
261,4.789136938704762,1.8031465562314968,4.27178994422018,4.789136938704762,1.8031465562314968,4.27178994422018,4.596023583059086,1.9317912302713465,4.489432232724436
262,4.78913643120692,1.800756127658421,4.270945761144017,4.78913643120692,1.800756127658421,4.270945761144017,4.596023482140225,1.9329993044885767,4.480918913820187
263,4.78913580723381,1.7983616931705022,4.270099746390174,4.78913580723381,1.7983616931705022,4.270099746390174,4.596024642706514,1.8998136287676193,4.488839776009972
264,4.789135308055043,1.7959632874561433,4.269252315677477,4.789135308055043,1.7959632874561433,4.269252315677477,4.5960444326774,1.907954578129146,4.480302412741492
265,4.789134642482965,1.7935590989226986,4.268402905845819,4.789134642482965,1.7935590989226986,4.268402905845819,4.596341275607872,1.8656995939628536,4.488247417695608
266,4.7891342764181335,1.7911525017272112,4.267552073101361,4.7891342764181335,1.7911525017272112,4.267552073101361,4.601761141794392,1.8815563879914057,4.47968541798496
267,4.789133644124018,1.788739480315292,4.2666994637240885,4.789133644124018,1.788739480315292,4.2666994637240885,4.684019480288626,1.8299982902265612,4.487655383104081
268,4.789132978550832,1.7863230519873778,4.26584528438439,4.789132978550832,1.7863230519873778,4.26584528438439,8.812861379784731,1.8543703993802427,4.479068269190445
269,4.7891324294526205,1.783901072753583,4.264989236585701,4.7891324294526205,1.783901072753583,4.264989236585701,6.759137630333668,1.7931626509745946,4.487062885263473
270,4.789131980190224,1.7814759412042078,4.264131850586375,4.789131980190224,1.7814759412042078,4.264131850586375,6.7587906035579195,1.8265984008702714,4.478449944718804
271,4.789131314615931,1.7790463320044023,4.263272518296199,4.789131314615931,1.7790463320044023,4.263272518296199,7.573278815673181,1.7551662811055366,4.486469867256193
272,4.789130898631773,1.7766114822663217,4.26241153118063,4.789130898631773,1.7766114822663217,4.26241153118063,11.889010782813248,1.7989766956142432,4.477830556204061
273,4.789130316253661,1.7741726402366331,4.261549012502868,4.789130316253661,1.7741726402366331,4.261549012502868,7.453653118928649,1.7162687466436453,4.485876159359587
274,4.789129767153987,1.7717290939992836,4.260684789585661,4.789129767153987,1.7717290939992836,4.260684789585661,6.641949890633273,1.770450606128057,4.477209079047657
275,4.789129193094916,1.7692810451786758,4.259818745652162,4.789129193094916,1.7692810451786758,4.259818745652162,6.641034639276262,1.6762848857943837,4.485281760553245
276,4.789128369444367,1.7668285949222815,4.258951187632111,4.789128369444367,1.7668285949222815,4.258951187632111,6.64045030930677,1.746215126675695,4.4765856233138495
277,4.789127737146517,1.7643729759805715,4.25808180094638,4.789127737146517,1.7643729759805715,4.25808180094638,6.639834787232502,1.634874111909841,4.484686444205778
278,4.78912723796372,1.7619106596051015,4.25721079390349,4.78912723796372,1.7619106596051015,4.25721079390349,6.639186053499116,1.718259132939084,4.4759600717481565
279,4.789126655583477,1.7594454498593124,4.256338262144301,4.789126655583477,1.7594454498593124,4.256338262144301,6.638502080201451,1.6026405224348814,4.4840899831451475
280,4.78912599000564,1.7569752867690884,4.255463762555918,4.78912599000564,1.7569752867690884,4.255463762555918,6.637781354353263,1.8169639345393067,4.4753313958789445
281,4.789125574019267,1.7545003216132102,4.254587645612287,4.789125574019267,1.7545003216132102,4.254587645612287,6.637021568204758,1.6720796984062725,4.4834924884725895
282,4.789124941719649,1.7520214356209522,4.253709822461733,4.789124941719649,1.7520214356209522,4.253709822461733,6.63622053389922,1.757806312772594,4.474700273675258
283,4.789124409256502,1.7495390494501653,4.252830331954161,4.789124409256502,1.7495390494501653,4.252830331954161,6.635376183081361,1.5302352984496896,4.4828940150505145
284,4.7891236105612505,1.7470515314229051,4.251949127656301,4.7891236105612505,1.7470515314229051,4.251949127656301,6.634486487681257,1.3288181762078273,4.474066016700832
285,4.789123244492381,1.7445589808542523,4.251066219965771,4.789123244492381,1.7445589808542523,4.251066219965771,6.633548498918511,1.5493347671251536,4.482294448260241
286,4.789122495714729,1.7420626191431483,4.250181533745709,4.789122495714729,1.7420626191431483,4.250181533745709,6.632559540130642,1.6424175365985156,4.4734287333219624
287,4.789122079726902,1.7395619064639425,4.24929520770578,4.789122079726902,1.7395619064639425,4.24929520770578,6.631517602230735,1.3931325026467694,4.481694012633718
288,4.789121330948379,1.7370561568058018,4.248407166742272,4.789121330948379,1.7370561568058018,4.248407166742272,6.630419234662586,1.9656861093292646,4.47278807554287
289,4.789120881680995,1.73454623035583,4.247517335483129,4.789120881680995,1.73454623035583,4.247517335483129,6.629261266731037,1.0008735055259463,4.481092933241849
290,4.789120166180672,1.7320316514126748,4.24662578141052,4.789120166180672,1.7320316514126748,4.24662578141052,6.628040847078864,1.374091862539846,4.472144208476973
291,4.789119750191876,1.7295139260948391,4.24573257224613,4.789119750191876,1.7295139260948391,4.24573257224613,6.626754437317731,1.6426483693588072,4.48049144702486
292,4.789119043010526,1.7269908771817577,4.24483756088194,4.789119043010526,1.7269908771817577,4.24483756088194,6.625398680985377,1.4838381808558156,4.471497069035436
293,4.789118211031828,1.724463442998846,4.243940814945018,4.789118211031828,1.724463442998846,4.243940814945018,6.623969247098276,1.8378752031521086,4.479889576135119
294,4.789117836641188,1.7219315170153755,4.243042402303884,4.789117836641188,1.7219315170153755,4.243042402303884,6.622462483267413,1.2995912093512594,4.470846479565872
295,4.789117087859487,1.7193955650468142,4.24214224730264,4.789117087859487,1.7193955650468142,4.24214224730264,6.620874885100203,1.472538041422479,4.479287070582776
296,4.789116671869411,1.716855177531968,4.241240360349837,4.789116671869411,1.716855177531968,4.241240360349837,6.61920109301656,2.231754068853442,4.470192788402128
297,4.789116006284929,1.7143101569069503,4.240336478238269,4.789116006284929,1.7143101569069503,4.240336478238269,6.61743720198776,1.0663137273786314,4.478683634381699
298,4.7891155486953405,1.7117613869476798,4.23943128824796,4.7891155486953405,1.7117613869476798,4.23943128824796,6.6155775964012316,0.8052237430024801,4.469535669061524
299,4.78911484151102,1.709207950451425,4.238524123837278,4.78911484151102,1.709207950451425,4.238524123837278,6.613618097068075,0.761878944627988,4.478079493169556
300,4.789114009528825,1.7066507719040045,4.23761506702506,4.789114009528825,1.7066507719040045,4.23761506702506,6.611554895180981,0.7310248287435717,4.468875665152696
301,4.7891136434564405,1.7040887112581966,4.236704286857472,4.7891136434564405,1.7040887112581966,4.236704286857472,6.609397894275001,0.8463282047087639,4.477474475457044
302,4.789112927950938,1.701521547080915,4.235791952996002,4.789112927950938,1.701521547080915,4.235791952996002,6.607299097231524,1.3214634772485,4.4682127024395255
303,4.789112262363965,1.698950500452507,4.234877801274387,4.789112262363965,1.698950500452507,4.234877801274387,6.607069557709149,1.6834954090282384,4.476869148321253
304,4.789111763173443,1.6963760534087051,4.233961856455062,4.789111763173443,1.6963760534087051,4.233961856455062,6.631756477219775,2.3606091598260837,4.467547234340313
305,4.789111180784187,1.6937963401303286,4.233043911259362,4.789111180784187,1.6937963401303286,4.233043911259362,6.952691359034932,2.494639547763429,4.476264535246803
306,4.789110598394592,1.6912131246084785,4.23212425137578,4.789110598394592,1.6912131246084785,4.23212425137578,8.583484269678028,1.5340927075311832,4.46687948580518
307,4.789110016004657,1.6886249926243584,4.231203018194848,4.789110016004657,1.6886249926243584,4.231203018194848,10.430247242119052,1.2453409792625083,4.475661366243806
308,4.789109433614384,1.6860331459300308,4.230279844437429,4.789109433614384,1.6860331459300308,4.230279844437429,9.643395290116198,1.476536949618368,4.466209452559307
309,4.7891086016276905,1.6834367929232572,4.229354943936201,4.7891086016276905,1.6834367929232572,4.229354943936201,7.0550423149469665,2.1203881684331716,4.47505990610677
310,4.7891078528390745,1.680836064912091,4.228428094056379,4.7891078528390745,1.680836064912091,4.228428094056379,6.22748744245582,1.831909622113252,4.465537935202615
311,4.789107353646352,1.6782311319919316,4.227499654888007,4.789107353646352,1.6782311319919316,4.227499654888007,6.216688452983275,1.1217927015500517,4.474460636787238
312,4.789106771254528,1.6756214547820445,4.226569403763699,4.789106771254528,1.6756214547820445,4.226569403763699,6.212826672625056,1.2778984098518753,4.46486527623282
313,4.789106188862364,1.6730084026809198,4.225637263345716,4.789106188862364,1.6730084026809198,4.225637263345716,6.208858078698507,1.707048299278119,4.473864360664664
314,4.789105648069338,1.670390762730615,4.22470330230283,4.789105648069338,1.670390762730615,4.22470330230283,6.204678401756137,1.2475626129124493,4.464191519704516
315,4.789104857679003,1.6677687054356205,4.223767735993075,4.789104857679003,1.6677687054356205,4.223767735993075,6.200274420323863,1.816373867377643,4.473270330254554
316,4.789104524882887,1.6651426869187818,4.2228299744405655,4.789104524882887,1.6651426869187818,4.2228299744405655,6.19563312692444,1.0924252885941725,4.463517608488159
317,4.789103692892109,1.6625125991996628,4.221890599122017,4.789103692892109,1.6625125991996628,4.221890599122017,6.190742118077224,1.5345395664788175,4.472679052106776
318,4.789102944099817,1.6598787135524995,4.220949312619408,4.789102944099817,1.6598787135524995,4.220949312619408,6.185588225732025,1.2177474172421596,4.462844349643973
319,4.789102444904644,1.6572403508677946,4.220006257348905,4.789102444904644,1.6572403508677946,4.220006257348905,6.1801576375027025,1.7293934664625283,4.472090531314614
320,4.789101779310693,1.6545974366564695,4.21906142913918,4.789101779310693,1.6545974366564695,4.21906142913918,6.174434893392512,1.106461072884251,4.462171952467435
321,4.789101446513552,1.65195058575118,4.218114676538563,4.789101446513552,1.65195058575118,4.218114676538563,6.1684048802207405,1.705638059736207,4.471504384331079
322,4.789100697719578,1.649299573982221,4.217166216028705,4.789100697719578,1.649299573982221,4.217166216028705,6.16205110063458,1.236168815393748,4.461500996253986
323,4.789099865725616,1.6466449456479746,4.216215674738166,4.789099865725616,1.6466449456479746,4.216215674738166,6.155356547262647,1.8939114028876394,4.470921736339618
324,4.789099491328107,1.6439854154382942,4.215263416795779,4.789099491328107,1.6439854154382942,4.215263416795779,6.148302683914138,1.219045202885658,4.46083215426884
325,4.789098534533838,1.6413215828895311,4.214309364242548,4.789098534533838,1.6413215828895311,4.214309364242548,6.140871091298588,1.5904996095019777,4.470342753867093
326,4.789097952136877,1.6386544619391008,4.2133534240243,4.789097952136877,1.6386544619391008,4.2133534240243,6.133041233143679,1.2349482822201396,4.460165916596823
327,4.789097203340287,1.6359820781342749,4.212395561972899,4.789097203340287,1.6359820781342749,4.212395561972899,6.124792290872483,1.8618997244406965,4.469768359477939
328,4.789096820621813,1.6333077476115585,4.2114357437878125,4.789096820621813,1.6333077476115585,4.2114357437878125,6.1161018827318925,1.6171985208613975,4.4595029365589065
329,4.789096038544477,1.630627714413348,4.210474083428489,4.789096038544477,1.630627714413348,4.210474083428489,6.106947294684725,1.9020598088405454,4.469198561274733
330,4.789095489425981,1.6279440918616603,4.209510635877773,4.789095489425981,1.6279440918616603,4.209510635877773,6.0973035132901,2.3880776922244036,4.458843394568639
331,4.789094915347231,1.625255295457387,4.208545337386272,4.789094915347231,1.625255295457387,4.208545337386272,6.087144658479186,2.3483980678253973,4.468633940454402
332,4.789094158228377,1.6225647769164264,4.20757794536895,4.789094158228377,1.6225647769164264,4.20757794536895,6.076444416148643,1.629149359102865,4.45818793480611
333,4.789093376148958,1.619868919822998,4.206608841964721,4.789093376148958,1.619868919822998,4.206608841964721,6.065174568661295,1.917141264746435,4.468075423524165
334,4.78909304334902,1.617169347714701,4.2056377546993975,4.78909304334902,1.617169347714701,4.2056377546993975,6.05330461820188,1.3298333158266686,4.45753720308657
335,4.78909221134869,1.6144655128442635,4.204664857811587,4.78909221134869,1.6144655128442635,4.204664857811587,6.04080415554336,0.9079423811653167,4.467522791380169
336,4.789091628948047,1.6117578991824777,4.203690027411312,4.789091628948047,1.6117578991824777,4.203690027411312,6.02764048540446,1.047781799450425,4.456891498883957
337,4.789091046547064,1.6090462357387971,4.202713198943703,4.789091046547064,1.6090462357387971,4.202713198943703,6.013779995016504,1.295305247049613,4.466976513235025
338,4.789090297745303,1.6063307903257884,4.201734517174212,4.789090297745303,1.6063307903257884,4.201734517174212,5.999190673578183,1.312569427136143,4.456251180389785
339,4.78908996494434,1.6036107072041257,4.200753917655141,4.78908996494434,1.6036107072041257,4.200753917655141,5.983863179778608,1.3879400063027758,4.466437288964103
340,4.789089132941449,1.6008871587157751,4.1997715756689,4.789089132941449,1.6008871587157751,4.1997715756689,5.967946835925567,1.2901514546949735,4.455617071143397
341,4.789088384138255,1.5981603592108478,4.198786916498741,4.789088384138255,1.5981603592108478,4.198786916498741,5.952807265197503,1.3958579835476266,4.465905130144371
342,4.789087552134048,1.595428436386635,4.197800640589878,4.789087552134048,1.595428436386635,4.197800640589878,5.949404703435153,1.2085461705259823,4.454989113500561
343,4.789087052931192,1.5926935040158192,4.196812247678483,4.789087052931192,1.5926935040158192,4.196812247678483,6.042524086677004,1.5058502687540702,4.465380393225114
344,4.789086387326996,1.5899544158103105,4.195821898086941,4.789086387326996,1.5899544158103105,4.195821898086941,6.660490255071054,1.2847611785364512,4.454367993713732
345,4.789085804922961,1.5872122623878049,4.194829662332537,4.789085804922961,1.5872122623878049,4.194829662332537,8.062667872679379,1.3815342246253708,4.464863090043725
346,4.789085139317935,1.5844660958699268,4.193835460329177,4.789085139317935,1.5844660958699268,4.193835460329177,8.372644762067221,1.228069141618545,4.453754097089854
347,4.789084556913173,1.5817147523700894,4.192839362704434,4.789084556913173,1.5817147523700894,4.192839362704434,4.866187928917605,1.4627485608706585,4.464353761842397
348,4.789083724905782,1.5789605604548844,4.191841137998639,4.789083724905782,1.5789605604548844,4.191841137998639,4.783119029725252,1.2249863746052092,4.4531477398640344
349,4.7890830592993705,1.576202587056248,4.190841007831808,4.7890830592993705,1.576202587056248,4.190841007831808,4.7266562237283525,1.493082507228243,4.463851752909509
350,4.789082476893398,1.5734421694697684,4.189839270454553,4.789082476893398,1.5734421694697684,4.189839270454553,4.687697650249413,1.2933670101227597,4.452549401939916
351,4.789081811286156,1.5706765017852728,4.188834936380618,4.789081811286156,1.5706765017852728,4.188834936380618,4.660973566629526,1.832271287648677,4.463358491806296
352,4.789081145678471,1.5679067081507103,4.187828833645591,4.789081145678471,1.5679067081507103,4.187828833645591,4.6430692569261645,1.2764500582954965,4.451958631711023
353,4.789080563271384,1.565134029837575,4.186820881950436,4.789080563271384,1.565134029837575,4.186820881950436,4.631464539496551,2.0884855213267524,4.462873173035102
354,4.789080064065038,1.5623576255908875,4.185810939832504,4.789080064065038,1.5623576255908875,4.185810939832504,4.62412343305515,1.7928564673055816,4.451376842308666
355,4.789079148852759,1.5595774857379998,4.184798728228873,4.789079148852759,1.5595774857379998,4.184798728228873,4.6194121855318535,2.2881929207534384,4.46239602744157
356,4.789078483243301,1.5567927573260465,4.183784759460599,4.789078483243301,1.5567927573260465,4.183784759460599,4.616151272558728,1.7405477504604916,4.450803466159206
357,4.789077734432133,1.5540053261437514,4.182768663069521,4.789077734432133,1.5540053261437514,4.182768663069521,4.613617110063696,1.1149906284054265,4.461928024670238
358,4.789077068821734,1.55121404649571,4.181750708502301,4.789077068821734,1.55121404649571,4.181750708502301,4.611442772122267,0.7290177208380081,4.450238868208965
359,4.789076486412272,1.5484199070024762,4.180730493661433,4.789076486412272,1.5484199070024762,4.180730493661433,4.609473354065564,0.8932126701947166,4.461468161674524
360,4.789075820801044,1.5456209655658546,4.1797084717710735,4.789075820801044,1.5456209655658546,4.1797084717710735,4.607659185856377,1.239921526118226,4.449683180341747
361,4.789075238390854,1.542820111090926,4.178684331978431,4.789075238390854,1.542820111090926,4.178684331978431,4.605987801649293,1.7523980915153117,4.461017327635479
362,4.789074606059408,1.5400146269037411,4.177658068842241,4.789074606059408,1.5400146269037411,4.177658068842241,4.604461635025134,1.4723401679299692,4.449136709811658
363,4.7890738239646975,1.5372044530522522,4.176629676897642,4.7890738239646975,1.5372044530522522,4.176629676897642,4.603083710811841,1.6039148282456777,4.460575188193303
364,4.789073158351696,1.5343926334532387,4.175599457975634,4.789073158351696,1.5343926334532387,4.175599457975634,4.601856200800128,1.740558275862233,4.448599354956001
365,4.789072326334821,1.5315766902565644,4.174567099879103,4.789072326334821,1.5315766902565644,4.174567099879103,4.600777652924412,1.6473542367805307,4.460141870581998
366,4.789071743922597,1.5287571312349424,4.173532535483462,4.789071743922597,1.5287571312349424,4.173532535483462,4.599843826084583,1.8938947895301865,4.448070896614572
367,4.789071161510034,1.5259344699866924,4.172496098141724,4.789071161510034,1.5259344699866924,4.172496098141724,4.599048184720855,1.7770652696682185,4.459716692420222
368,4.789070495895261,1.5231082012393604,4.171457520830531,4.789070495895261,1.5231082012393604,4.171457520830531,4.598381142496356,1.474842868618872,4.447551817338343
369,4.7890696638761705,1.5202779671055369,4.170416782548089,4.7890696638761705,1.5202779671055369,4.170416782548089,4.597831322284384,1.6214523096557127,4.459300705514803
370,4.789069331068341,1.517445861546213,4.169373954975543,4.789069331068341,1.517445861546213,4.169373954975543,4.597386168981775,1.0232748328038213,4.447041956186586
371,4.789068449127057,1.5146084830507711,4.168329110092692,4.789068449127057,1.5146084830507711,4.168329110092692,4.597032464365791,0.8163338126791508,4.45889218513981
372,4.789067750229637,1.5117686321391284,4.16728224270873,4.789067750229637,1.5117686321391284,4.16728224270873,4.596756187371948,0.9970609164106822,4.446541327402558
373,4.789066918208262,1.5089257577895534,4.166233192505149,4.789066918208262,1.5089257577895534,4.166233192505149,4.596545298346851,1.0168159442721116,4.4584929932896
374,4.789066169388434,1.5060788591801344,4.165182109026649,4.789066169388434,1.5060788591801344,4.165182109026649,4.596387067077954,1.5624934638831562,4.446049827740248
375,4.789065586972624,1.5032293261549108,4.16412867614973,4.789065586972624,1.5032293261549108,4.16412867614973,4.59627140905825,1.4670482004947152,4.458101171870371
376,4.78906492135414,1.500376780155389,4.163073354398736,4.78906492135414,1.500376780155389,4.163073354398736,4.596188622228513,2.091263263951627,4.445567470789221
377,4.789064338937603,1.4975205251773436,4.162015765134242,4.789064338937603,1.4975205251773436,4.162015765134242,4.596130450417169,2.3615459314903005,4.457718236153067
378,4.789063590115843,1.494661135948984,4.160956089447043,4.789063590115843,1.494661135948984,4.160956089447043,4.596091095494796,1.9084170273276688,4.445094035181436
379,4.789062924496029,1.4917986764380502,4.159894290667186,4.789062924496029,1.4917986764380502,4.159894290667186,4.596065059848766,1.4239887899012373,4.457342399473758
380,4.78906234207833,1.488932760177816,4.158830269465042,4.78906234207833,1.488932760177816,4.158830269465042,4.5960479042076425,0.9865889962982161,4.444630238190126
381,4.789061343647198,1.4860639013620554,4.157764270221598,4.789061343647198,1.4860639013620554,4.157764270221598,4.596037509764249,0.7394218979298604,4.456976047360062
382,4.789060844431258,1.4831922571082736,4.156695849356378,4.789060844431258,1.4831922571082736,4.156695849356378,4.596031051026552,1.07080269500217,4.444174801188815
383,4.789060095606882,1.4803168940809135,4.155625392216258,4.789060095606882,1.4803168940809135,4.155625392216258,4.596027256498701,1.7406042354851337,4.456615709828993
384,4.789059513187534,1.4774394014887748,4.154552736552003,4.789059513187534,1.4774394014887748,4.154552736552003,4.596025298678168,1.585050461277242,4.44372879338592
385,4.78905876436216,1.4745577248802388,4.153478096449175,4.78905876436216,1.4745577248802388,4.153478096449175,4.596024188572039,1.7402906155712285,4.456265919634271
386,4.789058181942037,1.4716735046576328,4.152400979217976,4.789058181942037,1.4716735046576328,4.152400979217976,4.596023583059086,2.4315877086714726,4.4432907578480805
387,4.789057433115667,1.4687866046907805,4.151321850400528,4.789057433115667,1.4687866046907805,4.151321850400528,4.596023280302472,2.2913505208559366,4.455920244567942
388,4.789056642687222,1.465897187444426,4.1502404840839535,4.789056642687222,1.465897187444426,4.1502404840839535,4.596023280302472,1.6163525908482668,4.442862528288505
389,4.789055852258153,1.4630034260682412,4.149156874264346,4.789055852258153,1.4630034260682412,4.149156874264346,4.596023028005224,2.128238729634125,4.455586481634432
390,4.789055053508144,1.460106560965867,4.148071093885315,4.789055053508144,1.460106560965867,4.148071093885315,4.596023179383581,0.8842434599586549,4.442441646288339
391,4.789054354601363,1.4572088484532475,4.146983121335161,4.789054354601363,1.4572088484532475,4.146983121335161,4.596022977545766,0.7005524934222578,4.4552538038559595
392,4.789053772178671,1.4543070590603282,4.145892887419863,4.789053772178671,1.4543070590603282,4.145892887419863,4.596022977545766,0.7308467854913979,4.442031064210837
393,4.789053148153983,1.4514013924998854,4.144800322642641,4.789053148153983,1.4514013924998854,4.144800322642641,4.596023078464678,0.8918446258985314,4.454936889850899
394,4.789052357722152,1.448494329661117,4.143705674480759,4.789052357722152,1.448494329661117,4.143705674480759,4.596023179383581,0.8023015404810253,4.441626496308794
395,4.789051692094862,1.4455848463128813,4.142608762700052,4.789051692094862,1.4455848463128813,4.142608762700052,4.596022977545766,0.8409961174773947,4.454616097332563
396,4.789050860060128,1.4426715045698135,4.141509438071763,4.789050860060128,1.4426715045698135,4.141509438071763,4.596022977545766,0.8750465649183232,4.441234135201034
397,4.789050111228273,1.439755030053432,4.1404079963668,4.789050111228273,1.439755030053432,4.1404079963668,4.596023078464678,1.0261851339182873,4.454318574910821
398,4.789049403997675,1.436837820701576,4.139304224775406,4.789049403997675,1.436837820701576,4.139304224775406,4.596022876626844,1.0627914826083384,4.440844802304592
399,4.78904877997026,1.433916462417039,4.138198388093397,4.78904877997026,1.433916462417039,4.138198388093397,4.596023028005224,1.0509591328596166,4.45400613341292
400,4.78904803113685,1.4309933105288448,4.137090065612471,4.78904803113685,1.4309933105288448,4.137090065612471,4.596022977545766,1.3127596015715053,4.440470881198767
401,4.789047448710475,1.4280667438781394,4.135979506209375,4.789047448710475,1.4280667438781394,4.135979506209375,4.596022977545766,1.4817512801574877,4.453731339149013
402,4.789046741477994,1.425138080142891,4.134866703790952,4.789046741477994,1.425138080142891,4.134866703790952,4.596023078464678,1.4626851702602086,4.440094461261565
403,4.789045951041098,1.4222069642753044,4.13375147598769,4.789045951041098,1.4222069642753044,4.13375147598769,4.596024491328379,1.833398154165886,4.453420005987633
404,4.7890451522831805,1.4192730370767477,4.132634072709959,4.7890451522831805,1.4192730370767477,4.132634072709959,4.596036298754109,0.9678144897029665,4.439740494919355
405,4.789044328563409,1.416337026863132,4.131514198996632,4.789044328563409,1.416337026863132,4.131514198996632,4.596148361439499,1.5733987120974215,4.45317620381562
406,4.78904362132872,1.4133977240517352,4.130392169472337,4.78904362132872,1.4133977240517352,4.130392169472337,4.597395592001937,1.9357977189219095,4.439372593426183
407,4.7890428724914464,1.4104571748550443,4.129267913904526,4.7890428724914464,1.4104571748550443,4.129267913904526,4.612204487178144,1.7533067144525722,4.4528501994188865
408,4.789042206857843,1.4075130441592492,4.128141200616798,4.789042206857843,1.4075130441592492,4.128141200616798,4.867245947304089,1.047999815101039,4.439042635595814
409,4.789041657709787,1.4045668968541574,4.127012119506449,4.789041657709787,1.4045668968541574,4.127012119506449,6.304565980199907,1.2994138119355667,4.452657380778266
410,4.789040958793643,1.4016178544087374,4.125880777026159,4.789040958793643,1.4016178544087374,4.125880777026159,5.819395156798357,1.3195414967997237,4.438675008743435
411,4.789040209954375,1.3986677441087756,4.124746795083786,4.789040209954375,1.3986677441087756,4.124746795083786,5.3419032500059,1.7636791138784391,4.452283889824148
412,4.789039377910086,1.395714947722951,4.123611040187669,4.789039377910086,1.395714947722951,4.123611040187669,4.894745989199354,1.2511000151259826,4.438379380300337
413,4.789038629069634,1.3927596659220989,4.122472405855469,4.789038629069634,1.3927596659220989,4.122472405855469,4.612809432500365,1.471275470176329,4.4521893882485175
414,4.789037880228622,1.38980284917142,4.121331548852292,4.789037880228622,1.38980284917142,4.121331548852292,4.62180023696231,1.7997281349088547,4.4379939575020355
415,4.789037131387048,1.386842810693924,4.1201883818380125,4.789037131387048,1.386842810693924,4.1201883818380125,4.839227880766561,1.9450084569388502,4.451694011963974
416,4.789036299340198,1.3838818283014631,4.119042752032692,4.789036299340198,1.3838818283014631,4.119042752032692,4.702135404550799,1.96431417972341,4.437759428633874
417,4.789035758509375,1.380917682654887,4.11789465246361,4.789035758509375,1.380917682654887,4.11789465246361,5.542463961625095,1.0928823706638193,4.451810768030576
418,4.789035051268625,1.3779525648809916,4.1167443042903,4.789035051268625,1.3779525648809916,4.1167443042903,7.070448368313208,1.1996923964369746,4.437314097988026
419,4.789034468834691,1.3749842674581556,4.115591440203641,4.789034468834691,1.3749842674581556,4.115591440203641,10.430956996286053,1.1959824966717154,4.45101652282305
420,4.789033553580681,1.3720148930599922,4.114436314384324,4.789033553580681,1.3720148930599922,4.114436314384324,7.401328878696205,0.8507150864423947,4.437203503215734
421,4.789032521838792,1.3690427287675453,4.113278609797726,4.789032521838792,1.3690427287675453,4.113278609797726,5.082931521268837,0.7461537289892957,4.451615545160958
422,4.789031806275244,1.36606917906002,4.112118499129842,4.789031806275244,1.36606917906002,4.112118499129842,5.066212280360746,0.7379874111455692,4.436597321289471
423,4.789031182236848,1.3630936438500574,4.110955991948274,4.789031182236848,1.3630936438500574,4.110955991948274,5.366454545367753,1.1260088520425073,4.450094078084332
424,4.789030425069738,1.3601160034817577,4.109791097865516,4.789030425069738,1.3601160034817577,4.109791097865516,5.081139360929891,1.1264542782239368,4.436766563835984
425,4.789029809351007,1.3571362398450053,4.108623547223049,4.789029809351007,1.3571362398450053,4.108623547223049,5.528638100160219,1.4868500771933548,4.451845098598922
426,4.789029143708708,1.3541556512768296,4.107453677735723,4.789029143708708,1.3541556512768296,4.107453677735723,5.085183364630572,1.5519003208329967,4.435751152491195
427,4.789028270052518,1.3511722372627522,4.106281565199387,4.789028270052518,1.3511722372627522,4.106281565199387,5.650265446446405,1.505752969996873,4.448537896178989
428,4.789027479601023,1.3481886221518111,4.105106708678315,4.789027479601023,1.3481886221518111,4.105106708678315,5.0795199819537915,1.3298988620687855,4.436587615603739
429,4.789026730751661,1.3452020957047472,4.103929446769947,4.789026730751661,1.3452020957047472,4.103929446769947,5.723938470882775,1.1567743671866353,4.453110368783344
430,4.789025981901738,1.3422143044578552,4.102749607326768,4.789025981901738,1.3422143044578552,4.102749607326768,5.046159697124944,1.468711693293501,4.434554922393134
431,4.789025233051255,1.3392243728491977,4.10156748069562,4.789025233051255,1.3392243728491977,4.10156748069562,5.640463902411617,1.240747239317633,4.445419186939876
432,4.789024484200211,1.3362341219966136,4.100382579982085,4.789024484200211,1.3362341219966136,4.100382579982085,5.025039717139622,1.6273471798276566,4.436955892178872
433,4.789023693745723,1.3332419150688115,4.099195245280555,4.789023693745723,1.3332419150688115,4.099195245280555,5.622517717806869,1.208100991623264,4.456710664089041
434,4.7890229032906095,1.3302483166030157,4.098005619034389,4.7890229032906095,1.3302483166030157,4.098005619034389,4.956249573962453,1.5160794388116015,4.432658078836885
435,4.789022237643715,1.327252969707512,4.0968134287282245,4.789022237643715,1.327252969707512,4.0968134287282245,5.334835247647065,1.426957927091006,4.439309679635938
436,4.789021405584472,1.3242564441972478,4.095618500418144,4.789021405584472,1.3242564441972478,4.095618500418144,4.972428557361755,1.525481007609318,4.437589881077152
437,4.789020656730561,1.3212576358992725,4.094421109292299,4.789020656730561,1.3212576358992725,4.094421109292299,5.51767335408985,1.6688458508619781,4.46201745638598
438,4.78901990787609,1.3182580766005592,4.093221264893152,4.78901990787609,1.3182580766005592,4.093221264893152,4.846728892700436,2.1475834845630444,4.430783107799586
439,4.789019075814909,1.3152573571741606,4.092018859871749,4.789019075814909,1.3152573571741606,4.092018859871749,4.949014680611415,1.7584760023606671,4.433443346445194
440,4.78901836024174,1.3122550366098653,4.090813836539392,4.78901836024174,1.3122550366098653,4.090813836539392,4.913028418905027,0.7849241714514293,4.435590505600415
441,4.789017578103039,1.3092523967095624,4.089606187166522,4.789017578103039,1.3092523967095624,4.089606187166522,5.361889029804129,1.9879184019784821,4.457641631409689
442,4.789016829246262,1.306248215940446,4.088396071647368,4.789016829246262,1.306248215940446,4.088396071647368,4.774083756120683,2.3113707359605264,4.4322718587775976
443,4.789016080388925,1.303243132381899,4.087183314923498,4.789016080388925,1.303243132381899,4.087183314923498,4.789230896244225,2.065297636572692,4.4415475299611655
444,4.789015331531027,1.3002357210413722,4.085968077223556,4.789015331531027,1.3002357210413722,4.085968077223556,4.790761973078652,1.7751569062599883,4.437027827551597
445,4.789014499466037,1.2972286390440195,4.08475001473719,4.789014499466037,1.2972286390440195,4.08475001473719,4.895600727934849,1.4380926154936853,4.463130701982883
446,4.789013750606956,1.294220957299805,4.083529624370668,4.789013750606956,1.294220957299805,4.083529624370668,4.784589033996176,1.3059135713030263,4.429379576057067
447,4.789012968464649,1.2912114879794483,4.082306443956729,4.789012968464649,1.2912114879794483,4.082306443956729,4.926432768587237,1.7248604220174726,4.431050652449808
448,4.789012202963075,1.28820084893722,4.081080769077503,4.789012202963075,1.28820084893722,4.081080769077503,4.733197194749073,2.008203065888383,4.4334438213864615
449,4.789011420819559,1.285189776127561,4.079852558568665,4.789011420819559,1.285189776127561,4.079852558568665,4.774648250437063,1.9129791115000867,4.452754237310988
450,4.789010671958171,1.2821789033890016,4.078621517102926,4.789010671958171,1.2821789033890016,4.078621517102926,4.720274882538772,1.8791801235633956,4.433600302253195
451,4.789010006303133,1.2791655050916546,4.077387941205324,4.789010006303133,1.2791655050916546,4.077387941205324,4.768187186427939,0.9114268021228676,4.451060388658465
452,4.789009174233714,1.2761525722595883,4.076151483906718,4.789009174233714,1.2761525722595883,4.076151483906718,4.692513166324587,0.7872305171907613,4.432494319589706
453,4.789008175749496,1.273139408720452,4.074912595222905,4.789008175749496,1.273139408720452,4.074912595222905,4.713822059181247,0.7219770278579929,4.446765018650045
454,4.789007426885679,1.2701238496472802,4.073671063827742,4.789007426885679,1.2701238496472802,4.073671063827742,4.672145666576419,0.7650704608685102,4.4335186693112805
455,4.7890066780213,1.2671084356235656,4.072426779561138,4.7890066780213,1.2671084356235656,4.072426779561138,4.683119812386819,0.7608949839378483,4.451870044350656
456,4.789005929156361,1.264092630519202,4.071179819344134,4.789005929156361,1.264092630519202,4.071179819344134,4.653590853330549,0.8906731866654589,4.430986546340153
457,4.789005263498167,1.2610769683610572,4.069930277561584,4.789005263498167,1.2610769683610572,4.069930277561584,4.657485880546422,0.9046083578999394,4.441531983278866
458,4.789004597839529,1.2580603980202714,4.06867797547285,4.789004597839529,1.2580603980202714,4.06867797547285,4.637950879737154,1.1488201775494997,4.43445173208069
459,4.789003765765608,1.2550442216005804,4.067422836170013,4.789003765765608,1.2550442216005804,4.067422836170013,4.638309792790823,1.0515016732666784,4.457438791722933
460,4.789002850483497,1.2520269834390838,4.066165228076786,4.789002850483497,1.2520269834390838,4.066165228076786,4.6253463709538964,1.348329842623613,4.428566053529622
461,4.789002018408123,1.249008787511016,4.064904766232365,4.789002018408123,1.249008787511016,4.064904766232365,4.624518690578319,1.0549819795211,4.43267311054443
462,4.789001352747325,1.2459916087833836,4.063641648067389,4.789001352747325,1.2459916087833836,4.063641648067389,4.61580859689156,1.222500207104142,4.434248760064331
463,4.789000354255298,1.2429735509806683,4.06237559018668,4.789000354255298,1.2429735509806683,4.06237559018668,4.615253834686714,1.009566224924772,4.4600304190013516
464,4.78899985500891,1.239955183577526,4.061107100334803,4.78899985500891,1.239955183577526,4.061107100334803,4.6092774894570026,1.3040037872203807,4.427900168657263
465,4.788999064534954,1.23693757636055,4.05983570548437,4.788999064534954,1.23693757636055,4.05983570548437,4.610048029940285,0.9893844898865459,4.431360876996425
466,4.788998274060372,1.2339194536751634,4.058561655700815,4.788998274060372,1.2339194536751634,4.058561655700815,4.605746020163765,1.093940157909869,4.433759132597437
467,4.78899752518914,1.2309018605523303,4.057284579674881,4.78899752518914,1.2309018605523303,4.057284579674881,4.609455590511374,1.0013137066350275,4.460249726311366
468,4.788996609901315,1.2278823982420617,4.056004970100978,4.788996609901315,1.2278823982420617,4.056004970100978,4.605712938671203,1.4520376250133917,4.427601564082717
469,4.788995777820749,1.2248657781547028,4.054722593910068,4.788995777820749,1.2248657781547028,4.054722593910068,4.6173659148393815,0.9800370643131008,4.431540465504849
470,4.788995028947647,1.2218477513102977,4.0534375640891405,4.788995028947647,1.2218477513102977,4.0534375640891405,4.610281600423578,1.2365332621371061,4.433955724400733
471,4.788994238469876,1.2188299877543702,4.052149576970184,4.788994238469876,1.2188299877543702,4.052149576970184,4.644600684827124,1.1653916721970994,4.462479189117986
472,4.788993447991479,1.2158128436044202,4.050858849541441,4.788993447991479,1.2158128436044202,4.050858849541441,4.614005241687718,1.871587230725394,4.426579142169775
473,4.7889926991166325,1.2127969765479691,4.049565181596392,4.7889926991166325,1.2127969765479691,4.049565181596392,4.676325610803436,2.146737624434643,4.428627260696033
474,4.788991950241225,1.209779651905123,4.048268860563545,4.788991950241225,1.209779651905123,4.048268860563545,4.614777982935694,1.5625035252448862,4.43160375101997
475,4.788991201365256,1.2067644440711782,4.046969633634198,4.788991201365256,1.2067644440711782,4.046969633634198,4.6986176319804995,0.8844002738347204,4.455152843805963
476,4.788990244467369,1.203748519175902,4.045667544151407,4.788990244467369,1.203748519175902,4.045667544151407,4.624056511254818,1.4429878544010233,4.428910339847534
477,4.788989287568567,1.200733523516199,4.044362688248528,4.788989287568567,1.200733523516199,4.044362688248528,4.779516693109202,1.5957393135931497,4.440295542797857
478,4.788988538690605,1.1977196138189998,4.043054881863108,4.788988538690605,1.1977196138189998,4.043054881863108,4.603198242985862,1.330789843545081,4.433453082696094
479,4.788987789812081,1.1947056162775775,4.041744308872485,4.788987789812081,1.1947056162775775,4.041744308872485,4.652904936261305,1.4946307395027145,4.460916312479278
480,4.788986957724175,1.1916932279854473,4.040431083762423,4.788986957724175,1.1916932279854473,4.040431083762423,4.81375031560829,1.303242806402604,4.425573792561071
481,4.788986242128023,1.18868078512464,4.039114652328331,4.788986242128023,1.18868078512464,4.039114652328331,5.984460022603645,1.0231980586026757,4.426939888567299
482,4.788985418359725,1.1856692007321137,4.03779555089401,4.788985418359725,1.1856692007321137,4.03779555089401,5.514152959665519,0.6845928463498838,4.429543369328391
483,4.788984711083372,1.182659582656362,4.036473629895251,4.788984711083372,1.182659582656362,4.036473629895251,5.062248960492547,0.6436017787703642,4.448882040073589
484,4.788983878992904,1.1796497014584375,4.035148597513929,4.788983878992904,1.1796497014584375,4.035148597513929,4.677704313154411,0.643458913216564,4.43089274834003
485,4.788982747348757,1.1766413703569296,4.033820868645573,4.788982747348757,1.1766413703569296,4.033820868645573,4.972141351447966,0.8237826904105642,4.451976581351559
486,4.788981965182201,1.1736331154717872,4.032490080270967,4.788981965182201,1.1736331154717872,4.032490080270967,6.465221592217018,0.7924648650344028,4.427589632854531
487,4.788981216298756,1.1706280975833334,4.031156417804231,4.788981216298756,1.1706280975833334,4.031156417804231,6.134838653409013,1.1840984614582561,4.437470565738928
488,4.788980467414748,1.167622422228293,4.0298200143202365,4.788980467414748,1.167622422228293,4.0298200143202365,9.152154642392777,0.9702151597920505,4.432642916189927
489,4.788979718530181,1.1646185446557156,4.028480629781568,4.788979718530181,1.1646185446557156,4.028480629781568,9.388100290299521,1.0894359815146282,4.460527115264812
490,4.788979002928848,1.1616154129369456,4.027138129816518,4.788979002928848,1.1616154129369456,4.027138129816518,6.965849737928476,1.0835817946096458,4.424541315791525
491,4.788978220759363,1.1586156665721077,4.025792843412996,4.788978220759363,1.1586156665721077,4.025792843412996,5.087269429952824,1.5566356907144059,4.425505097655346
492,4.788977388663495,1.1556159312723493,4.024444600882086,4.788977388663495,1.1556159312723493,4.024444600882086,4.821780723564045,1.0234588727925895,4.427880898063101
493,4.788976306937832,1.1526168027091703,4.023093428493604,4.788976306937832,1.1526168027091703,4.023093428493604,4.7650738286024845,1.1494674620946868,4.444833391547942
494,4.78897551644526,1.1496207208195992,4.021739191366635,4.78897551644526,1.1496207208195992,4.021739191366635,4.761249114120522,1.1425500640977173,4.431939323338789
495,4.788974725952064,1.1466260880523145,4.020381951297796,4.788974725952064,1.1466260880523145,4.020381951297796,4.757262062218623,1.9656248173011364,4.4598045180294745
496,4.788973977063197,1.1436315423593066,4.019021914186697,4.788973977063197,1.1436315423593066,4.019021914186697,4.753091791063626,2.1141571702383293,4.424265864441662
497,4.788973228173768,1.140640211764122,4.017658855178063,4.788973228173768,1.140640211764122,4.017658855178063,4.748731371655113,1.7981742504542355,4.425967560267982
498,4.788972479283779,1.1376514468797514,4.016292836505732,4.788972479283779,1.1376514468797514,4.016292836505732,4.744175668406505,1.553370926299599,4.428993590188992
499,4.7889717303932295,1.1346628540033747,4.014923848570171,4.7889717303932295,1.1346628540033747,4.014923848570171,4.739419885568391,0.8108303890115369,4.451716746365712
