,grid_pointsOriginal Data,densityOriginal Data,solution_NOriginal Data,grid_pointsAdd Noise to Data,densityAdd Noise to Data,solution_NAdd Noise to Data,grid_pointsAdd Outliers,densityAdd Outliers,solution_NAdd Outliers,grid_pointsOut of Range Data,densityOut of Range Data,solution_NOut of Range Data
0,4.04040404040404,92.0,2.2255061016100126,,,,73.73737373737374,64.0,0.1220959892924671,82.27848101265822,100.0,0.1191986803184848
1,35.35353535353536,48.0,0.3277734037963996,96.96969696969695,84.0,0.823013037205222,35.35353535353536,72.0,0.2899506600472502,31.645569620253163,0.0,0.6612692321780186
2,1.01010101010101,52.0,4.0835838734305145,,,,29.292929292929287,96.0,0.3276748566001919,98.73417721518987,64.0,0.1137355352203468
3,60.60606060606061,44.0,0.1712931380322284,96.96969696969695,68.0,0.8163025897484528,83.83838383838385,44.0,0.1260580113166037,100.0,72.0,0.1080359832917659
4,17.17171717171717,48.0,0.7783911012234533,85.85858585858587,28.000000000000004,0.1508913445465238,,,,36.70886075949366,72.0,0.3661817696132774
5,36.36363636363636,4.0,0.412273481847149,46.46464646464647,92.0,0.1881501982937094,11.11111111111111,0.0,1.5722602475908,44.30379746835443,92.0,0.2641314665566903
6,82.82828282828284,28.000000000000004,0.1397607192262857,91.91919191919192,28.000000000000004,0.4975869338880732,45.45454545454546,44.0,0.2447338417200667,97.46835443037976,36.0,0.1341545809678976
7,18.18181818181818,80.0,0.625050393361104,29.292929292929287,16.0,1.3582262348971248,34.343434343434346,64.0,0.3127116417879358,25.316455696202528,60.0,0.6084043008200507
8,66.66666666666667,16.0,0.1791831912099601,70.70707070707071,4.0,0.1808299219208922,77.77777777777779,100.0,0.0976192606738717,,,
9,77.77777777777779,100.0,0.0976192606738717,31.313131313131308,64.0,0.3507534626927983,,,,98.73417721518987,0.0,0.1709707369965789
10,70.70707070707071,48.0,0.1390850603650928,7.07070707070707,60.0,1.713216460943784,14.14141414141414,92.0,0.7853517313055632,97.46835443037976,8.0,0.1613952687411263
11,88.8888888888889,96.0,0.1050258332116636,33.33333333333333,28.000000000000004,0.3948700998535997,57.57575757575758,100.0,0.1397175300026066,69.62025316455697,68.0,0.1686914597456119
12,39.3939393939394,12.0,0.3538761178271688,45.45454545454546,0.0,0.4529268119908611,73.73737373737374,96.0,0.1055562298362303,81.0126582278481,44.0,0.1582774784170895
13,66.66666666666667,92.0,0.1210858217947259,57.57575757575758,84.0,0.3985233711841891,81.81818181818183,100.0,0.0928692845702775,39.24050632911392,64.0,0.3507534626927983
14,29.292929292929287,72.0,0.3661817696132774,92.92929292929294,44.0,0.2999372502512158,8.08080808080808,60.0,1.5393810076992689,88.60759493670886,4.0,0.1808299219208922
15,2.02020202020202,68.0,3.271021963681418,70.70707070707071,64.0,1.041799334606763,88.8888888888889,100.0,0.1022238386120707,22.78481012658228,32.0,0.7948595481530409
16,46.46464646464647,4.0,0.3032391443828747,46.46464646464647,0.0,0.3115678615316709,63.63636363636365,80.0,0.1350879715750664,34.17721518987341,16.0,0.5435611534637069
17,83.83838383838385,8.0,0.1684378981941735,43.43434343434343,36.0,0.2708498718715741,3.03030303030303,96.0,2.557280857486728,20.253164556962023,28.000000000000004,0.9253482088250956
18,3.03030303030303,96.0,2.557280857486728,48.48484848484848,28.000000000000004,0.2472202201913681,,,,3.797468354430379,28.000000000000004,3.202716979290597
19,23.23232323232323,0.0,0.7294703439693181,46.46464646464647,4.0,1.0439437037756294,92.92929292929294,60.0,0.25742006375525,,,
20,35.35353535353536,76.0,0.2844153673466303,34.343434343434346,68.0,0.3065475129745382,,,,30.379746835443036,68.0,0.4707149912171545
21,81.81818181818183,12.0,0.1567744273345546,81.81818181818183,100.0,0.0928692845702775,38.38383838383838,44.0,0.3023018232615982,37.97468354430379,92.0,0.3198566983479918
22,85.85858585858587,64.0,0.1142663842153627,35.35353535353536,76.0,0.4070130224052651,29.292929292929287,100.0,0.3219767592147169,50.63291139240506,76.0,0.2408382600140532
23,7.07070707070707,64.0,1.6857600032031794,22.22222222222222,84.0,0.4846233784370072,45.45454545454546,36.0,0.255873663199368,,,
24,16.16161616161616,68.0,0.7549191718952416,83.83838383838385,44.0,0.1260580113166037,20.2020202020202,16.0,0.7743566069151799,22.78481012658228,80.0,0.625050393361104
25,79.7979797979798,20.0,0.1466479361981375,,,,27.27272727272727,76.0,0.3922544705971637,86.07594936708861,16.0,0.1728942123266368
26,100.0,12.0,3.477716865175382,3.03030303030303,12.0,3.4091009245998114,2.02020202020202,64.0,3.3101705065675766,54.43037974683544,36.0,0.2708498718715741
27,0.0,8.0,5.587240011559577,55.55555555555556,44.0,0.190693916032882,36.36363636363636,20.0,0.3718678355146768,94.9367088607595,0.0,0.1740757114292221
28,57.57575757575758,8.0,0.2257969004347721,96.96969696969695,100.0,0.6801788143537144,36.36363636363636,8.0,0.401432953225933,11.392405063291138,96.0,1.2024516597221129
29,85.85858585858587,32.0,0.1457423843424603,,,,54.54545454545456,68.0,0.1725424791544997,35.44303797468355,28.000000000000004,0.4835695372735758
30,93.93939393939394,100.0,0.2338364289558215,73.73737373737374,0.0,0.1780584674898744,93.93939393939394,20.0,0.4765809291134308,94.9367088607595,28.000000000000004,0.1441373705845157
31,44.44444444444445,44.0,0.2516977144663392,55.55555555555556,96.0,0.1484472731344837,,,,16.455696202531644,52.0,1.0168493249599029
32,26.26262626262626,84.0,0.3957191521799484,,,,91.91919191919192,28.000000000000004,0.2876975045866911,65.82278481012659,4.0,0.2599902598639641
33,57.57575757575758,32.0,0.1950339967361246,84.84848484848484,64.0,0.5368823004934307,57.57575757575758,96.0,0.1421228479421498,97.46835443037976,60.0,0.1175163114098098
34,77.77777777777779,12.0,0.1567979863701455,77.77777777777779,100.0,0.587019643515649,95.95959595959596,60.0,0.600193015423012,100.0,84.0,0.1020074284285843
35,58.58585858585859,76.0,0.1521682796584693,33.33333333333333,8.0,0.4473143682820045,42.42424242424242,100.0,0.2033261374245913,92.40506329113924,0.0,0.1780584674898744
36,35.35353535353536,52.0,0.3208604976101448,97.979797979798,20.0,1.524523355954183,46.46464646464647,92.0,0.1881501982937094,,,
37,27.27272727272727,76.0,0.3922544705971637,14.14141414141414,92.0,0.7853517313055632,,,,94.9367088607595,44.0,0.1314010246298992
38,84.84848484848484,64.0,0.111997767138045,,,,39.3939393939394,12.0,0.3538761178271688,34.17721518987341,48.0,0.4518600071111298
39,95.95959595959596,16.0,0.829498906886178,,,,17.17171717171717,48.0,0.7783911012234533,26.58227848101265,8.0,0.7694110434509979
40,64.64646464646465,44.0,0.1582774784170895,60.60606060606061,44.0,0.5777846921520193,13.13131313131313,44.0,1.057353399048176,51.8987341772152,100.0,0.2094891025962686
41,51.51515151515152,96.0,0.1628197196957421,85.85858585858587,44.0,0.1320949455102916,,,,45.56962025316455,4.0,0.412273481847149
42,94.94949494949496,68.0,0.4097843907190119,64.64646464646465,64.0,0.142908249438964,,,,3.797468354430379,96.0,2.557280857486728
43,25.25252525252525,0.0,0.6612692321780186,34.343434343434346,64.0,0.3127116417879358,93.93939393939394,4.0,0.5571268469078586,69.62025316455697,48.0,0.1866619263973132
44,95.95959595959596,4.0,0.9101071607077886,,,,4.04040404040404,36.0,2.708532862036029,30.379746835443036,0.0,0.693974312988685
45,57.57575757575758,84.0,0.1498384170953957,,,,46.46464646464647,76.0,0.2024417484134015,1.2658227848101264,96.0,3.645731232320502
46,45.45454545454546,0.0,0.3202913250263036,20.2020202020202,8.0,0.8133259832185398,75.75757575757576,68.0,0.1161217726471458,,,
47,92.92929292929294,68.0,0.239052974842975,66.66666666666667,92.0,0.6287983419112267,60.60606060606061,44.0,2.171293138032228,,,
48,60.60606060606061,8.0,0.2118714405370129,47.47474747474748,20.0,0.2663263713955619,64.64646464646465,100.0,0.121442939861428,,,
49,72.72727272727273,32.0,0.1469918962363186,83.83838383838385,8.0,0.3764130828283237,1.01010101010101,52.0,8.083583873430515,8.860759493670885,32.0,1.9322589906949688
50,21.21212121212121,8.0,0.7694110434509979,92.92929292929294,60.0,0.25742006375525,,,,,,
51,62.62626262626263,84.0,0.1352653629400318,65.65656565656566,68.0,0.1375622216639099,75.75757575757576,48.0,0.1285725453579803,60.75949367088607,64.0,0.2035295263670553
52,82.82828282828284,32.0,0.1357160337945511,42.42424242424242,80.0,0.2224258518108452,31.313131313131308,64.0,0.3507534626927983,12.658227848101264,44.0,1.361177485837941
53,41.41414141414142,100.0,0.2094891025962686,,,,25.25252525252525,76.0,0.4309862675759953,74.68354430379748,68.0,0.1547776987433318
54,75.75757575757576,48.0,0.1285725453579803,67.67676767676768,92.0,0.1189178324689432,,,,74.68354430379748,76.0,0.1490248729431028
55,27.27272727272727,16.0,0.5435611534637069,100.0,12.0,4.147030158694859,49.494949494949495,64.0,0.1983933031783081,13.924050632911392,0.0,1.5722602475908
56,77.77777777777779,8.0,0.1613952687411263,77.77777777777779,12.0,0.4987053463987008,,,,88.60759493670886,52.0,0.1362187778019958
57,91.91919191919192,28.000000000000004,0.2876975045866911,96.96969696969695,32.0,1.0118360707919274,96.96969696969695,100.0,0.6801788143537144,68.35443037974684,44.0,0.1950742211253862
58,32.32323232323232,12.0,0.4526681486951655,,,,23.23232323232323,0.0,0.7294703439693181,45.56962025316455,20.0,0.3718678355146768
59,77.77777777777779,60.0,0.1175163114098098,32.32323232323232,100.0,0.5057636509451087,60.60606060606061,16.0,0.2013453099427382,86.07594936708861,64.0,0.1328062202343831
60,39.3939393939394,4.0,0.3730210401780567,14.14141414141414,80.0,1.5299567700008887,31.313131313131308,28.000000000000004,0.4266457095405634,77.21518987341773,0.0,0.2189608708218741
61,93.93939393939394,48.0,0.3667716569564677,80.80808080808082,28.000000000000004,0.1384644029905908,85.85858585858587,32.0,0.1457423843424603,5.063291139240506,48.0,2.5881510458738526
62,32.32323232323232,100.0,0.2849977277485844,5.05050505050505,28.000000000000004,2.4664916620072312,,,,73.41772151898734,8.0,0.220965692103742
63,63.63636363636365,80.0,0.1350879715750664,65.65656565656566,100.0,0.1191986803184848,21.21212121212121,76.0,0.5316344401042905,5.063291139240506,36.0,2.708532862036029
64,96.96969696969695,84.0,0.7444125531333838,37.37373737373737,64.0,0.2814347116951387,77.77777777777779,8.0,0.1613952687411263,34.17721518987341,32.0,0.4938817877753012
65,7.07070707070707,96.0,1.4927940968396547,,,,,,,7.594936708860758,68.0,1.8624641208853263
66,4.04040404040404,4.0,3.0947932795563085,53.535353535353536,12.0,0.2409417371277555,70.70707070707071,72.0,0.1234657884825748,34.17721518987341,8.0,0.5719774323190967
67,80.80808080808082,44.0,0.1248845597987647,5.05050505050505,44.0,2.308740301073714,27.27272727272727,16.0,0.5435611534637069,100.0,100.0,0.09499361800414
68,97.979797979798,72.0,1.2021097103589935,68.68686868686869,72.0,0.1278261718873404,58.58585858585859,80.0,0.1493834207188103,65.82278481012659,80.0,0.1707750530225216
69,44.44444444444445,96.0,0.1953118126748916,2.02020202020202,92.0,3.0556284176813464,73.73737373737374,0.0,0.1780584674898744,60.75949367088607,28.000000000000004,0.2472202201913681
70,45.45454545454546,100.0,0.1866951351868796,17.17171717171717,20.0,0.9065819340553296,47.47474747474748,20.0,0.2663263713955619,,,
71,1.01010101010101,96.0,3.645731232320502,51.51515151515152,96.0,0.3905446289395415,51.51515151515152,84.0,0.1717278991555509,68.35443037974684,8.0,0.2415335635625839
72,96.96969696969695,92.0,0.7115612632719933,21.21212121212121,8.0,1.6672810253036177,57.57575757575758,32.0,0.1950339967361246,,,
73,79.7979797979798,84.0,0.1020074284285843,,,,54.54545454545456,0.0,0.2547984114870115,55.69620253164557,44.0,0.2516977144663392
74,94.94949494949496,16.0,0.6329813035782254,70.70707070707071,52.0,0.1362187778019958,91.91919191919192,96.0,0.1512196419348173,27.848101265822784,100.0,0.4513736242548226
75,59.5959595959596,76.0,0.1490248729431028,,,,9.09090909090909,96.0,1.2024516597221129,58.22784810126582,4.0,0.3032391443828747
76,29.292929292929287,16.0,0.4982312833651709,88.8888888888889,0.0,0.2549115954528343,80.80808080808082,12.0,0.1557157095762634,75.94936708860759,16.0,0.2013453099427382
77,57.57575757575758,96.0,0.1421228479421498,69.6969696969697,20.0,0.1657926496905939,47.47474747474748,52.0,0.2221160532322248,22.78481012658228,96.0,0.5822929469534435
78,70.70707070707071,64.0,0.1282758868972512,55.55555555555556,0.0,0.2490208806545249,19.19191919191919,60.0,0.6457455963171298,,,
79,29.292929292929287,100.0,0.3219767592147169,79.7979797979798,20.0,0.9966371951409948,52.52525252525253,4.0,0.2599902598639641,1.2658227848101264,16.0,4.551213833167751
80,24.24242424242424,68.0,0.4707149912171545,,,,80.80808080808082,44.0,0.1248845597987647,39.24050632911392,8.0,0.4831961391183292
81,13.13131313131313,68.0,0.9435377906451344,98.989898989899,84.0,1.8513231316644776,6.06060606060606,8.0,2.4076358614490774,49.36708860759494,4.0,0.3730210401780567
82,14.14141414141414,80.0,0.8270356151083478,54.54545454545456,44.0,0.1950742211253862,97.979797979798,28.000000000000004,1.4675146830674302,56.9620253164557,44.0,0.2447338417200667
83,41.41414141414142,52.0,0.2633548674862828,80.80808080808082,64.0,0.111499802314764,63.63636363636365,84.0,0.1326682820295135,91.13924050632912,32.0,0.1469918962363186
84,67.67676767676768,92.0,0.1189178324689432,22.22222222222222,16.0,0.6936032679030393,,,,82.27848101265822,20.0,0.1780841266175259
85,21.21212121212121,76.0,0.5316344401042905,29.292929292929287,96.0,0.3276748566001919,94.94949494949496,68.0,0.4097843907190119,17.72151898734177,92.0,0.7853517313055632
86,58.58585858585859,8.0,0.220965692103742,47.47474747474748,16.0,0.2730360288935293,22.22222222222222,16.0,0.6936032679030393,56.9620253164557,100.0,0.1866951351868796
87,11.11111111111111,0.0,1.5722602475908,,,,65.65656565656566,100.0,0.1191986803184848,87.34177215189874,0.0,0.1889087232636665
88,78.7878787878788,96.0,0.0979199550495837,58.58585858585859,76.0,0.9575263931160756,26.26262626262626,60.0,0.4444479456610041,92.40506329113924,64.0,0.1220959892924671
89,29.292929292929287,96.0,0.3276748566001919,,,,47.47474747474748,16.0,0.2730360288935293,79.746835443038,76.0,0.1375918865681063
90,75.75757575757576,44.0,0.1314010246298992,60.60606060606061,76.0,0.1460017105696135,94.94949494949496,16.0,0.6329813035782254,79.746835443038,80.0,0.1350879715750664
91,81.81818181818183,100.0,0.0928692845702775,6.06060606060606,72.0,1.8345234282636969,18.18181818181818,32.0,0.7948595481530409,88.60759493670886,48.0,0.1390850603650928
92,27.27272727272727,68.0,0.4077600017018394,95.95959595959596,84.0,0.5077841983974437,77.77777777777779,12.0,0.1567979863701455,0.0,44.0,5.0707843631936536
93,33.33333333333333,8.0,0.4473143682820045,,,,28.282828282828287,28.000000000000004,0.4835695372735758,,,
94,5.05050505050505,28.000000000000004,2.4664916620072312,72.72727272727273,96.0,0.1072857795994598,58.58585858585859,8.0,0.220965692103742,82.27848101265822,68.0,0.1375622216639099
95,75.75757575757576,68.0,0.1161217726471458,,,,45.45454545454546,0.0,0.3202913250263036,81.0126582278481,64.0,0.142908249438964
96,82.82828282828284,92.0,0.0955931459032777,87.87878787878789,28.000000000000004,0.1705373542595963,,,,31.645569620253163,12.0,0.611501302217969
97,30.303030303030297,72.0,0.3511501373786136,79.7979797979798,84.0,0.6038901344327912,98.989898989899,84.0,1.8513231316644776,7.594936708860758,72.0,1.8345234282636969
98,96.96969696969695,16.0,1.117870629419349,13.13131313131313,52.0,1.0168493249599029,,,,73.41772151898734,32.0,0.1908817506550728
99,58.58585858585859,32.0,0.1908817506550728,4.04040404040404,36.0,2.708532862036029,27.27272727272727,8.0,0.5719774323190967,49.36708860759494,12.0,0.3538761178271688
100,2.02020202020202,92.0,3.0556284176813464,2.02020202020202,4.0,4.056754477380776,62.62626262626263,84.0,0.1352653629400318,88.60759493670886,32.0,0.151839499055108
101,21.21212121212121,48.0,0.6110301907770535,70.70707070707071,48.0,0.1482378495388101,79.7979797979798,100.0,0.09499361800414,13.924050632911392,60.0,1.1562524660813185
102,71.71717171717172,48.0,0.1367763811319665,17.17171717171717,100.0,0.6114592918175429,96.96969696969695,20.0,1.0900173029819995,34.17721518987341,68.0,0.4077600017018394
103,85.85858585858587,28.000000000000004,0.1508913445465238,42.42424242424242,100.0,0.2033261374245913,25.25252525252525,12.0,0.611501302217969,94.9367088607595,68.0,0.1161217726471458
104,0.0,44.0,5.0707843631936536,,,,97.979797979798,0.0,1.6801146032933785,8.860759493670885,64.0,1.6857600032031794
105,3.03030303030303,0.0,3.582716544684417,,,,1.01010101010101,96.0,3.645731232320502,31.645569620253163,76.0,0.4309862675759953
106,69.6969696969697,0.0,0.1889087232636665,4.04040404040404,92.0,2.5769282610928306,,,,,,
107,4.04040404040404,48.0,2.5881510458738526,95.95959595959596,4.0,1.2796885522905646,70.70707070707071,52.0,0.1362187778019958,3.797468354430379,12.0,3.4091009245998114
108,83.83838383838385,44.0,0.1260580113166037,92.92929292929294,8.0,0.4321746415230446,78.7878787878788,64.0,0.1137355352203468,,,
109,68.68686868686869,64.0,0.1328062202343831,3.03030303030303,28.000000000000004,3.202716979290597,,,,97.46835443037976,96.0,0.099293305207319
110,73.73737373737374,0.0,0.1780584674898744,94.94949494949496,48.0,0.4822538289919912,,,,8.860759493670885,44.0,1.8319552842618
111,78.7878787878788,0.0,0.1709707369965789,23.23232323232323,44.0,0.5604043500527534,,,,100.0,16.0,0.1509239829740543
112,5.05050505050505,44.0,2.308740301073714,29.292929292929287,72.0,0.718570381144967,48.48484848484848,84.0,0.1850539056384075,53.16455696202531,100.0,0.2033261374245913
113,15.151515151515149,44.0,0.910776525640338,11.11111111111111,68.0,1.1158024722999034,84.84848484848484,36.0,0.1363301052026684,72.15189873417722,32.0,0.1950339967361246
114,40.40404040404041,100.0,0.2160033323385451,1.01010101010101,16.0,4.551213833167751,1.01010101010101,76.0,3.829058368555796,,,
115,87.87878787878789,28.000000000000004,0.1705373542595963,21.21212121212121,92.0,0.4942319993576691,54.54545454545456,44.0,0.1950742211253862,87.34177215189874,20.0,0.1657926496905939
116,96.96969696969695,72.0,0.7976021199709851,55.55555555555556,48.0,0.1866619263973132,20.2020202020202,60.0,0.6084043008200507,25.316455696202528,16.0,0.7743566069151799
117,38.38383838383838,44.0,0.3023018232615982,82.82828282828284,80.0,0.1014184191876012,53.535353535353536,44.0,0.1996449145143291,69.62025316455697,96.0,0.1484472731344837
118,7.07070707070707,60.0,1.713216460943784,36.36363636363636,20.0,0.3718678355146768,73.73737373737374,32.0,0.1447519218402762,8.860759493670885,60.0,1.713216460943784
119,87.87878787878789,52.0,0.1370332874002398,79.7979797979798,16.0,0.1509239829740543,93.93939393939394,36.0,0.4097016140246135,2.531645569620253,92.0,3.0556284176813464
120,11.11111111111111,36.0,1.2955444453613911,,,,70.70707070707071,64.0,0.1282758868972512,,,
121,63.63636363636365,76.0,0.1375918865681063,85.85858585858587,32.0,0.6679555451378294,,,,48.1012658227848,12.0,0.3655900851629792
122,44.44444444444445,76.0,0.2139202879548173,88.8888888888889,96.0,0.8871348390888433,57.57575757575758,0.0,0.2381693075848776,6.329113924050632,28.000000000000004,2.4664916620072312
123,2.02020202020202,60.0,3.3503791390624755,46.46464646464647,96.0,0.1848712967672902,33.33333333333333,52.0,0.3452505582632335,100.0,20.0,0.1466479361981375
124,79.7979797979798,72.0,0.1080359832917659,,,,62.62626262626263,0.0,0.2146244351665239,,,
125,8.08080808080808,60.0,1.5393810076992689,92.92929292929294,28.000000000000004,0.3514068574384117,94.94949494949496,60.0,0.4370997083075933,59.493670886075954,20.0,0.2663263713955619
126,88.8888888888889,0.0,0.2549115954528343,55.55555555555556,28.000000000000004,0.2086336729225725,16.16161616161616,68.0,0.7549191718952416,55.69620253164557,0.0,0.3294626435754064
127,92.92929292929294,28.000000000000004,0.3514068574384117,31.313131313131308,28.000000000000004,0.4266457095405634,,,,43.03797468354431,64.0,0.3127116417879358
128,36.36363636363636,8.0,0.401432953225933,49.494949494949495,64.0,0.1983933031783081,38.38383838383838,12.0,0.3655900851629792,,,
129,80.80808080808082,64.0,0.111499802314764,92.92929292929294,68.0,0.8435598153861257,,,,2.531645569620253,4.0,4.056754477380776
130,7.07070707070707,44.0,1.8319552842618,,,,64.64646464646465,64.0,0.142908249438964,2.531645569620253,68.0,3.271021963681418
131,45.45454545454546,36.0,0.255873663199368,16.16161616161616,28.000000000000004,0.9253482088250956,21.21212121212121,8.0,0.7694110434509979,35.44303797468355,12.0,0.533448282833395
132,37.37373737373737,64.0,0.2814347116951387,68.68686868686869,16.0,0.1728942123266368,55.55555555555556,28.000000000000004,0.2086336729225725,55.69620253164557,96.0,0.1953118126748916
133,2.02020202020202,52.0,3.434358252741137,78.7878787878788,96.0,0.0979199550495837,,,,83.54430379746836,92.0,0.1210858217947259
134,31.313131313131308,28.000000000000004,0.4266457095405634,,,,53.535353535353536,12.0,0.2409417371277555,31.645569620253163,4.0,0.643931795684659
135,0.0,36.0,5.173117348978739,52.52525252525253,4.0,0.2599902598639641,,,,75.94936708860759,8.0,0.2118714405370129
136,75.75757575757576,0.0,0.1740757114292221,3.03030303030303,0.0,3.582716544684417,98.989898989899,76.0,1.8917166268726315,40.506329113924046,12.0,0.4526681486951655
137,59.5959595959596,68.0,0.1547776987433318,79.7979797979798,72.0,0.1080359832917659,25.25252525252525,4.0,0.643931795684659,21.51898734177215,20.0,0.9065819340553296
138,60.60606060606061,76.0,0.1460017105696135,72.72727272727273,20.0,0.1579434287274023,85.85858585858587,64.0,0.1142663842153627,,,
139,20.2020202020202,8.0,0.8133259832185398,,,,19.19191919191919,32.0,0.747854613468285,,,
140,18.18181818181818,32.0,0.7948595481530409,97.979797979798,0.0,1.6801146032933785,85.85858585858587,96.0,0.0942610509623574,64.55696202531647,84.0,0.1717278991555509
141,57.57575757575758,100.0,0.1397175300026066,93.93939393939394,68.0,0.3068403107197842,,,,7.594936708860758,8.0,2.4076358614490774
142,89.89898989898991,52.0,0.165291680655339,58.58585858585859,80.0,0.1493834207188103,46.46464646464647,0.0,0.3115678615316709,50.63291139240506,100.0,0.2160033323385451
143,14.14141414141414,92.0,0.7853517313055632,,,,75.75757575757576,80.0,0.1097585539257394,97.46835443037976,12.0,0.1567979863701455
144,43.43434343434343,36.0,0.2708498718715741,2.02020202020202,100.0,2.990717021610272,71.71717171717172,60.0,0.1286382403078806,36.70886075949366,100.0,0.3219767592147169
145,57.57575757575758,0.0,0.2381693075848776,64.64646464646465,44.0,0.9951563493375942,1.01010101010101,16.0,4.551213833167751,92.40506329113924,32.0,0.1447519218402762
146,92.92929292929294,60.0,0.25742006375525,59.5959595959596,68.0,0.1547776987433318,,,,43.03797468354431,68.0,0.3065475129745382
147,4.04040404040404,36.0,2.708532862036029,53.535353535353536,76.0,0.1699512855977991,35.35353535353536,48.0,6.3277734037964,91.13924050632912,20.0,0.1579434287274023
148,22.22222222222222,84.0,0.4846233784370072,42.42424242424242,52.0,0.255550028144804,,,,17.72151898734177,80.0,0.8270356151083478
149,11.11111111111111,68.0,1.1158024722999034,45.45454545454546,44.0,0.2447338417200667,95.95959595959596,16.0,0.829498906886178,,,
150,70.70707070707071,4.0,0.1808299219208922,28.282828282828287,12.0,0.533448282833395,7.07070707070707,96.0,1.4927940968396547,2.531645569620253,100.0,2.990717021610272
151,36.36363636363636,44.0,0.3234164070838941,,,,65.65656565656566,20.0,0.1780841266175259,,,
152,65.65656565656566,100.0,0.1191986803184848,55.55555555555556,68.0,0.1686914597456119,,,,32.91139240506329,60.0,0.4444479456610041
153,6.06060606060606,72.0,1.8345234282636969,60.60606060606061,8.0,1.138293061773762,93.93939393939394,100.0,0.2338364289558215,0.0,36.0,5.173117348978739
154,82.82828282828284,80.0,0.1014184191876012,7.07070707070707,32.0,1.9322589906949688,85.85858585858587,44.0,0.1320949455102916,,,
155,22.22222222222222,100.0,0.4513736242548226,22.22222222222222,100.0,0.4513736242548226,7.07070707070707,64.0,1.6857600032031794,44.30379746835443,72.0,0.2899506600472502
156,95.95959595959596,60.0,0.600193015423012,96.96969696969695,16.0,1.117870629419349,7.07070707070707,4.0,2.2104980293219185,55.69620253164557,76.0,0.2139202879548173
157,52.52525252525253,4.0,0.2599902598639641,82.82828282828284,92.0,0.0955931459032777,,,,36.70886075949366,96.0,0.3276748566001919
158,28.282828282828287,12.0,0.533448282833395,3.03030303030303,96.0,3.2338768433016907,,,,81.0126582278481,100.0,0.121442939861428
159,64.64646464646465,64.0,0.142908249438964,58.58585858585859,32.0,0.1908817506550728,36.36363636363636,44.0,0.3234164070838941,,,
160,52.52525252525253,80.0,0.1707750530225216,16.16161616161616,68.0,1.0206008039550487,7.07070707070707,44.0,1.8319552842618,69.62025316455697,0.0,0.2490208806545249
161,2.02020202020202,100.0,2.990717021610272,95.95959595959596,16.0,0.9842895110160428,33.33333333333333,8.0,0.4473143682820045,34.17721518987341,76.0,0.3922544705971637
162,6.06060606060606,20.0,2.2748335738213274,,,,96.96969696969695,16.0,1.117870629419349,13.924050632911392,68.0,1.1158024722999034
163,78.7878787878788,64.0,0.1137355352203468,2.02020202020202,52.0,3.434358252741137,40.40404040404041,100.0,0.2160033323385451,44.30379746835443,52.0,0.3208604976101448
164,10.1010101010101,44.0,1.361177485837941,35.35353535353536,48.0,0.8962239088449535,77.77777777777779,96.0,0.099293305207319,56.9620253164557,0.0,0.3202913250263036
165,96.96969696969695,68.0,0.8163025897484528,11.11111111111111,36.0,1.2955444453613911,,,,39.24050632911392,28.000000000000004,0.4266457095405634
166,27.27272727272727,32.0,0.4938817877753012,,,,,,,,,
167,20.2020202020202,60.0,0.6084043008200507,21.21212121212121,48.0,0.6110301907770535,33.33333333333333,28.000000000000004,0.3948700998535997,,,
168,48.48484848484848,28.000000000000004,0.2472202201913681,85.85858585858587,96.0,0.0942610509623574,,,,13.924050632911392,36.0,1.2955444453613911
169,30.303030303030297,92.0,0.3198566983479918,,,,19.19191919191919,28.000000000000004,0.7648700655403802,16.455696202531644,44.0,1.057353399048176
170,6.06060606060606,68.0,1.8624641208853263,26.26262626262626,84.0,0.7070693078209842,25.25252525252525,0.0,0.6612692321780186,,,
171,42.42424242424242,80.0,0.2224258518108452,,,,93.93939393939394,48.0,0.3667716569564677,26.58227848101265,76.0,0.5316344401042905
172,69.6969696969697,20.0,0.1657926496905939,70.70707070707071,32.0,0.151839499055108,24.24242424242424,0.0,0.693974312988685,,,
173,34.343434343434346,64.0,0.3127116417879358,72.72727272727273,32.0,0.4529648157439356,58.58585858585859,32.0,0.1908817506550728,20.253164556962023,68.0,0.7549191718952416
174,37.37373737373737,32.0,0.3343968200060714,8.08080808080808,60.0,1.5393810076992689,80.80808080808082,28.000000000000004,0.1384644029905908,6.329113924050632,44.0,2.308740301073714
175,55.55555555555556,68.0,0.1686914597456119,20.2020202020202,60.0,0.6084043008200507,,,,78.48101265822784,84.0,0.1352653629400318
176,77.77777777777779,76.0,0.1086283311333363,58.58585858585859,8.0,0.220965692103742,83.83838383838385,8.0,0.1684378981941735,89.87341772151899,60.0,0.1286382403078806
177,68.68686868686869,16.0,0.1728942123266368,,,,4.04040404040404,48.0,2.5881510458738526,,,
178,35.35353535353536,72.0,0.2899506600472502,,,,59.5959595959596,68.0,0.1547776987433318,10.126582278481012,60.0,1.5393810076992689
179,34.343434343434346,68.0,0.3065475129745382,54.54545454545456,0.0,0.2547984114870115,61.61616161616163,0.0,0.2189608708218741,,,
180,98.989898989899,84.0,1.8513231316644776,39.3939393939394,12.0,0.5640936579584999,95.95959595959596,8.0,0.8822387884682793,91.13924050632912,96.0,0.1072857795994598
181,7.07070707070707,4.0,2.2104980293219185,,,,2.02020202020202,52.0,3.434358252741137,72.15189873417722,96.0,0.1421228479421498
182,54.54545454545456,8.0,0.2415335635625839,28.282828282828287,28.000000000000004,0.4835695372735758,92.92929292929294,68.0,0.239052974842975,69.62025316455697,28.000000000000004,0.2086336729225725
183,44.44444444444445,0.0,0.3294626435754064,15.151515151515149,44.0,0.910776525640338,96.96969696969695,84.0,0.7444125531333838,3.797468354430379,0.0,3.582716544684417
184,46.46464646464647,92.0,0.1881501982937094,18.18181818181818,32.0,0.7948595481530409,87.87878787878789,52.0,0.1370332874002398,25.316455696202528,8.0,0.8133259832185398
185,71.71717171717172,60.0,0.1286382403078806,93.93939393939394,20.0,0.4765809291134308,,,,41.77215189873417,28.000000000000004,0.3948700998535997
186,96.96969696969695,52.0,0.896741789550928,62.62626262626263,0.0,0.2146244351665239,67.67676767676768,92.0,0.1189178324689432,83.54430379746836,16.0,0.1791831912099601
187,97.979797979798,20.0,1.524523355954183,80.80808080808082,8.0,0.1607642569445392,,,,24.0506329113924,60.0,0.6457455963171298
188,44.44444444444445,100.0,0.1919518017729041,,,,89.89898989898991,52.0,0.165291680655339,,,
189,8.08080808080808,0.0,2.0469833301867912,46.46464646464647,76.0,0.2024417484134015,26.26262626262626,84.0,0.3957191521799484,,,
190,46.46464646464647,52.0,0.2281430292530321,,,,48.48484848484848,64.0,0.2035295263670553,,,
191,36.36363636363636,52.0,0.3097856178855541,80.80808080808082,12.0,0.1557157095762634,,,,36.70886075949366,16.0,0.4982312833651709
192,61.61616161616163,0.0,0.2189608708218741,47.47474747474748,32.0,0.2479393012750553,0.0,44.0,5.0707843631936536,92.40506329113924,96.0,0.1055562298362303
193,47.47474747474748,32.0,0.2479393012750553,,,,42.42424242424242,80.0,0.2224258518108452,81.0126582278481,96.0,0.1235159806525536
194,80.80808080808082,48.0,0.1219324578716569,19.19191919191919,28.000000000000004,0.7648700655403802,77.77777777777779,76.0,0.1086283311333363,51.8987341772152,52.0,0.2633548674862828
195,3.03030303030303,12.0,3.4091009245998114,53.535353535353536,44.0,0.1996449145143291,52.52525252525253,52.0,0.1959109396889613,26.58227848101265,92.0,0.4942319993576691
196,25.25252525252525,76.0,0.4309862675759953,52.52525252525253,80.0,0.1707750530225216,,,,,,
197,31.313131313131308,64.0,0.3507534626927983,,,,10.1010101010101,44.0,1.361177485837941,41.77215189873417,52.0,0.3452505582632335
198,65.65656565656566,68.0,0.1375622216639099,6.06060606060606,8.0,2.4076358614490774,79.7979797979798,84.0,0.1020074284285843,41.77215189873417,8.0,0.4473143682820045
199,20.2020202020202,16.0,0.7743566069151799,59.5959595959596,76.0,1.077896321921479,,,,78.48101265822784,0.0,0.2146244351665239
200,63.63636363636365,84.0,0.1326682820295135,85.85858585858587,64.0,0.616206197675823,17.17171717171717,100.0,0.6114592918175429,58.22784810126582,0.0,0.3115678615316709
201,28.282828282828287,28.000000000000004,0.4835695372735758,57.57575757575758,96.0,0.1550104900266034,30.303030303030297,72.0,0.3511501373786136,24.0506329113924,28.000000000000004,0.7648700655403802
202,68.68686868686869,72.0,0.1278261718873404,57.57575757575758,32.0,0.9814141093066708,71.71717171717172,48.0,0.1367763811319665,84.81012658227847,72.0,0.1301253208892354
203,27.27272727272727,48.0,0.4518600071111298,,,,77.77777777777779,36.0,0.1341545809678976,,,
204,35.35353535353536,92.0,0.2641314665566903,73.73737373737374,96.0,0.1055562298362303,57.57575757575758,84.0,0.1498384170953957,97.46835443037976,76.0,0.1086283311333363
205,47.47474747474748,52.0,0.2221160532322248,87.87878787878789,52.0,0.1370332874002398,24.24242424242424,68.0,0.4707149912171545,27.848101265822784,16.0,0.6936032679030393
206,31.313131313131308,8.0,0.4831961391183292,48.48484848484848,84.0,0.1850539056384075,92.92929292929294,8.0,0.4321746415230446,,,
207,88.8888888888889,100.0,0.1022238386120707,27.27272727272727,48.0,0.4518600071111298,,,,67.08860759493672,76.0,0.1699512855977991
208,2.02020202020202,44.0,3.522738159517397,91.91919191919192,96.0,0.1512196419348173,97.979797979798,20.0,1.524523355954183,21.51898734177215,100.0,0.6114592918175429
209,73.73737373737374,64.0,0.1220959892924671,78.7878787878788,0.0,0.1709707369965789,25.25252525252525,8.0,0.6272860907774359,56.9620253164557,36.0,0.255873663199368
210,3.03030303030303,28.000000000000004,3.202716979290597,93.93939393939394,48.0,0.963424380240608,80.80808080808082,52.0,0.1191284496913763,7.594936708860758,92.0,1.705746488751902
211,17.17171717171717,20.0,0.9065819340553296,,,,55.55555555555556,96.0,0.1484472731344837,,,
212,75.75757575757576,28.000000000000004,0.1441373705845157,,,,53.535353535353536,76.0,0.1699512855977991,37.97468354430379,72.0,0.3511501373786136
213,55.55555555555556,0.0,0.2490208806545249,41.41414141414142,100.0,0.7986648950341759,29.292929292929287,16.0,0.4982312833651709,16.455696202531644,68.0,0.9435377906451344
214,72.72727272727273,96.0,0.1072857795994598,29.292929292929287,100.0,0.4168315534411206,31.313131313131308,8.0,0.4831961391183292,2.531645569620253,52.0,3.434358252741137
215,80.80808080808082,52.0,0.1191284496913763,64.64646464646465,100.0,0.121442939861428,93.93939393939394,68.0,0.3068403107197842,62.0253164556962,64.0,0.1983933031783081
216,85.85858585858587,100.0,0.0922846659193531,28.282828282828287,64.0,0.397756979329766,,,,53.16455696202531,12.0,0.3224589337401642
217,52.52525252525253,52.0,0.1959109396889613,57.57575757575758,0.0,0.2381693075848776,,,,44.30379746835443,76.0,0.2844153673466303
218,2.02020202020202,4.0,4.056754477380776,39.3939393939394,4.0,0.4449566348939855,94.94949494949496,100.0,0.3187347619435137,21.51898734177215,48.0,0.7783911012234533
219,53.535353535353536,12.0,0.2409417371277555,80.80808080808082,52.0,0.1191284496913763,6.06060606060606,72.0,1.8345234282636969,29.113924050632907,44.0,0.5604043500527534
220,93.93939393939394,4.0,0.5571268469078586,8.08080808080808,4.0,2.003535824405533,85.85858585858587,100.0,0.0922846659193531,,,
221,22.22222222222222,16.0,0.6936032679030393,,,,41.41414141414142,100.0,0.2094891025962686,97.46835443037976,100.0,0.0976192606738717
222,73.73737373737374,96.0,0.1055562298362303,25.25252525252525,12.0,0.611501302217969,0.0,36.0,5.173117348978739,,,
223,97.979797979798,92.0,1.1026774339925978,6.06060606060606,92.0,1.705746488751902,2.02020202020202,68.0,3.271021963681418,0.0,8.0,5.587240011559577
224,48.48484848484848,84.0,0.1850539056384075,13.13131313131313,44.0,1.057353399048176,44.44444444444445,76.0,0.2139202879548173,69.62025316455697,44.0,0.190693916032882
225,54.54545454545456,0.0,0.2547984114870115,2.02020202020202,44.0,3.522738159517397,3.03030303030303,0.0,3.582716544684417,72.15189873417722,0.0,0.2381693075848776
226,73.73737373737374,32.0,0.1447519218402762,36.36363636363636,52.0,0.3097856178855541,97.979797979798,72.0,1.2021097103589935,,,
227,17.17171717171717,100.0,0.6114592918175429,65.65656565656566,20.0,0.1780841266175259,,,,72.15189873417722,84.0,0.1498384170953957
228,96.96969696969695,20.0,1.0900173029819995,75.75757575757576,80.0,0.1097585539257394,8.08080808080808,0.0,2.0469833301867912,72.15189873417722,100.0,0.1397175300026066
229,40.40404040404041,76.0,0.2408382600140532,54.54545454545456,8.0,0.2415335635625839,27.27272727272727,68.0,0.4077600017018394,53.16455696202531,80.0,0.2224258518108452
230,98.989898989899,76.0,1.8917166268726315,61.61616161616163,0.0,0.2189608708218741,35.35353535353536,92.0,0.2641314665566903,84.81012658227847,92.0,0.1189178324689432
231,28.282828282828287,64.0,0.397756979329766,62.62626262626263,84.0,0.9082896108358568,96.96969696969695,52.0,0.896741789550928,,,
232,55.55555555555556,96.0,0.1484472731344837,7.07070707070707,96.0,1.5232750178632235,95.95959595959596,84.0,0.5077841983974437,87.34177215189874,72.0,0.1256071619755573
233,97.979797979798,28.000000000000004,1.4675146830674302,94.94949494949496,100.0,0.3187347619435137,6.06060606060606,92.0,1.705746488751902,89.87341772151899,48.0,0.1367763811319665
234,55.55555555555556,48.0,0.1866619263973132,15.151515151515149,12.0,1.0848952645740608,91.91919191919192,8.0,0.357238915652965,,,
235,42.42424242424242,12.0,0.3224589337401642,13.13131313131313,68.0,1.0399170320584592,95.95959595959596,4.0,0.9101071607077886,10.126582278481012,4.0,2.003535824405533
236,8.08080808080808,4.0,2.003535824405533,63.63636363636365,80.0,0.7795439069287495,,,,45.56962025316455,44.0,0.3234164070838941
237,93.93939393939394,68.0,0.3068403107197842,,,,11.11111111111111,36.0,1.2955444453613911,8.860759493670885,4.0,2.2104980293219185
238,23.23232323232323,44.0,0.5604043500527534,97.979797979798,28.000000000000004,1.4675146830674302,70.70707070707071,4.0,0.1808299219208922,67.08860759493672,44.0,0.1996449145143291
239,16.16161616161616,16.0,0.9903704192686696,,,,72.72727272727273,32.0,0.1469918962363186,53.16455696202531,52.0,0.255550028144804
240,70.70707070707071,72.0,0.1234657884825748,77.77777777777779,60.0,0.5879056090497822,96.96969696969695,92.0,0.7115612632719933,5.063291139240506,92.0,2.2255061016100126
241,77.77777777777779,36.0,0.1341545809678976,88.8888888888889,60.0,0.1384698008860816,63.63636363636365,76.0,0.1375918865681063,,,
242,6.06060606060606,8.0,2.4076358614490774,27.27272727272727,8.0,0.5719774323190967,23.23232323232323,44.0,0.5604043500527534,65.82278481012659,52.0,0.1959109396889613
243,88.8888888888889,60.0,0.1384698008860816,27.27272727272727,32.0,0.4938817877753012,32.32323232323232,12.0,0.4526681486951655,5.063291139240506,4.0,3.0947932795563085
244,64.64646464646465,96.0,0.1235159806525536,67.67676767676768,72.0,0.1301253208892354,2.02020202020202,44.0,3.522738159517397,,,
245,91.91919191919192,8.0,0.357238915652965,0.0,44.0,5.0707843631936536,51.51515151515152,96.0,0.1628197196957421,,,
246,67.67676767676768,72.0,0.1301253208892354,,,,,,,10.126582278481012,0.0,2.0469833301867912
247,93.93939393939394,36.0,0.4097016140246135,,,,,,,73.41772151898734,76.0,0.1521682796584693
248,85.85858585858587,96.0,0.0942610509623574,,,,2.02020202020202,92.0,3.0556284176813464,59.493670886075954,52.0,0.2221160532322248
249,55.55555555555556,44.0,0.190693916032882,31.313131313131308,8.0,0.4831961391183292,6.06060606060606,68.0,1.8624641208853263,,,
250,45.45454545454546,44.0,0.2447338417200667,73.73737373737374,32.0,0.1447519218402762,44.44444444444445,0.0,0.3294626435754064,2.531645569620253,44.0,3.522738159517397
251,77.77777777777779,96.0,0.099293305207319,2.02020202020202,64.0,3.3101705065675766,84.84848484848484,64.0,0.111997767138045,68.35443037974684,68.0,0.1725424791544997
252,54.54545454545456,44.0,0.1950742211253862,48.48484848484848,64.0,0.2035295263670553,,,,58.22784810126582,76.0,0.2024417484134015
253,33.33333333333333,52.0,0.3452505582632335,36.36363636363636,44.0,0.3234164070838941,2.02020202020202,60.0,3.3503791390624755,26.58227848101265,48.0,0.6110301907770535
254,13.13131313131313,44.0,1.057353399048176,,,,43.43434343434343,36.0,0.2708498718715741,1.2658227848101264,76.0,3.829058368555796
255,46.46464646464647,0.0,0.3115678615316709,9.09090909090909,96.0,1.2024516597221129,6.06060606060606,20.0,2.2748335738213274,72.15189873417722,8.0,0.2257969004347721
256,19.19191919191919,60.0,0.6457455963171298,75.75757575757576,48.0,0.8831618730730537,45.45454545454546,100.0,0.1866951351868796,46.83544303797468,32.0,0.3343968200060714
257,49.494949494949495,64.0,0.1983933031783081,44.44444444444445,96.0,0.4755168484876217,17.17171717171717,20.0,0.9065819340553296,,,
258,80.80808080808082,28.000000000000004,0.1384644029905908,35.35353535353536,72.0,0.2899506600472502,55.55555555555556,48.0,0.1866619263973132,58.22784810126582,92.0,0.1881501982937094
259,70.70707070707071,32.0,0.151839499055108,94.94949494949496,4.0,0.7038219233923066,,,,,,
260,15.151515151515149,12.0,1.0848952645740608,69.6969696969697,0.0,0.1889087232636665,20.2020202020202,8.0,0.8133259832185398,7.594936708860758,20.0,2.2748335738213274
261,79.7979797979798,100.0,0.09499361800414,25.25252525252525,0.0,0.8566905191391172,47.47474747474748,32.0,0.2479393012750553,58.22784810126582,96.0,0.1848712967672902
262,42.42424242424242,52.0,0.255550028144804,25.25252525252525,76.0,0.4309862675759953,39.3939393939394,4.0,0.3730210401780567,,,
263,65.65656565656566,20.0,0.1780841266175259,,,,100.0,12.0,3.477716865175382,,,
264,92.92929292929294,8.0,0.4321746415230446,71.71717171717172,60.0,0.1286382403078806,42.42424242424242,12.0,0.3224589337401642,,,
265,94.94949494949496,100.0,0.3187347619435137,26.26262626262626,60.0,0.4444479456610041,46.46464646464647,52.0,0.2281430292530321,,,
266,25.25252525252525,8.0,0.6272860907774359,27.27272727272727,76.0,1.2967474745434484,70.70707070707071,32.0,0.151839499055108,,,
267,94.94949494949496,48.0,0.4822538289919912,85.85858585858587,100.0,0.0922846659193531,4.04040404040404,92.0,4.225506101610012,,,
268,18.18181818181818,96.0,0.5822929469534435,,,,82.82828282828284,32.0,0.1357160337945511,,,
269,51.51515151515152,84.0,0.1717278991555509,33.33333333333333,52.0,0.3452505582632335,27.27272727272727,32.0,0.4938817877753012,,,
270,48.48484848484848,64.0,0.2035295263670553,21.21212121212121,76.0,0.5316344401042905,27.27272727272727,48.0,0.4518600071111298,,,
271,75.75757575757576,80.0,0.1097585539257394,96.96969696969695,20.0,1.0900173029819995,81.81818181818183,12.0,0.1567744273345546,,,
272,91.91919191919192,96.0,0.1512196419348173,80.80808080808082,48.0,0.1219324578716569,,,,,,
273,85.85858585858587,44.0,0.1320949455102916,57.57575757575758,8.0,0.8600371310108422,92.92929292929294,44.0,0.2999372502512158,,,
274,94.94949494949496,4.0,0.7038219233923066,51.51515151515152,84.0,0.1717278991555509,36.36363636363636,4.0,0.412273481847149,,,
275,24.24242424242424,0.0,0.693974312988685,75.75757575757576,68.0,0.1161217726471458,,,,,,
276,53.535353535353536,44.0,0.1996449145143291,47.47474747474748,52.0,0.2221160532322248,37.37373737373737,64.0,0.2814347116951387,,,
277,25.25252525252525,12.0,0.611501302217969,7.07070707070707,64.0,2.277607456777289,15.151515151515149,44.0,0.910776525640338,,,
278,95.95959595959596,8.0,0.8822387884682793,93.93939393939394,100.0,1.2100931926983909,80.80808080808082,8.0,0.1607642569445392,,,
279,42.42424242424242,100.0,0.2033261374245913,25.25252525252525,4.0,0.643931795684659,35.35353535353536,52.0,0.3208604976101448,,,
280,1.01010101010101,16.0,4.551213833167751,,,,2.02020202020202,100.0,2.990717021610272,,,
281,25.25252525252525,4.0,0.643931795684659,25.25252525252525,8.0,0.6272860907774359,21.21212121212121,92.0,0.4942319993576691,,,
282,60.60606060606061,16.0,0.2013453099427382,54.54545454545456,68.0,0.1725424791544997,,,,,,
283,6.06060606060606,92.0,1.705746488751902,52.52525252525253,52.0,0.1959109396889613,29.292929292929287,72.0,0.3661817696132774,,,
284,58.58585858585859,80.0,0.1493834207188103,75.75757575757576,44.0,0.1314010246298992,55.55555555555556,44.0,0.190693916032882,,,
285,64.64646464646465,100.0,0.121442939861428,42.42424242424242,12.0,0.3224589337401642,30.303030303030297,92.0,0.3198566983479918,,,
286,97.979797979798,0.0,1.6801146032933785,20.2020202020202,16.0,0.7743566069151799,21.21212121212121,52.0,0.598381716934773,,,
287,27.27272727272727,8.0,0.5719774323190967,0.0,36.0,5.173117348978739,59.5959595959596,76.0,0.1490248729431028,,,
288,21.21212121212121,92.0,0.4942319993576691,11.11111111111111,0.0,1.5722602475908,,,,,,
289,13.13131313131313,52.0,1.0168493249599029,97.979797979798,92.0,1.1026774339925978,22.22222222222222,100.0,0.4513736242548226,,,
290,47.47474747474748,20.0,0.2663263713955619,37.37373737373737,32.0,0.3343968200060714,21.21212121212121,48.0,0.6110301907770535,,,
291,53.535353535353536,76.0,0.1699512855977991,94.94949494949496,16.0,1.3480005955041263,96.96969696969695,32.0,1.0118360707919274,,,
292,70.70707070707071,52.0,0.1362187778019958,91.91919191919192,8.0,0.357238915652965,28.282828282828287,12.0,0.533448282833395,,,
293,84.84848484848484,36.0,0.1363301052026684,97.979797979798,72.0,1.4817821971932543,34.343434343434346,68.0,0.3065475129745382,,,
294,19.19191919191919,32.0,0.747854613468285,77.77777777777779,36.0,0.1341545809678976,,,,,,
295,62.62626262626263,0.0,0.2146244351665239,63.63636363636365,84.0,0.1326682820295135,,,,,,
296,79.7979797979798,16.0,0.1509239829740543,17.17171717171717,48.0,0.8389725499753922,22.22222222222222,84.0,0.4846233784370072,,,
297,46.46464646464647,96.0,0.1848712967672902,21.21212121212121,52.0,0.598381716934773,44.44444444444445,96.0,0.1953118126748916,,,
298,11.11111111111111,60.0,1.1562524660813185,45.45454545454546,100.0,0.2163492534392856,88.8888888888889,0.0,0.2549115954528343,,,
299,9.09090909090909,96.0,1.2024516597221129,75.75757575757576,28.000000000000004,0.1441373705845157,2.02020202020202,4.0,4.056754477380776,,,
300,19.19191919191919,28.000000000000004,0.7648700655403802,32.32323232323232,12.0,0.4825854452668302,,,,,,
301,7.07070707070707,32.0,1.9322589906949688,36.36363636363636,4.0,1.0135533476090668,15.151515151515149,12.0,1.0848952645740608,,,
302,89.89898989898991,36.0,0.1933568933297999,77.77777777777779,76.0,0.1086283311333363,52.52525252525253,80.0,0.1707750530225216,,,
303,93.93939393939394,20.0,0.4765809291134308,40.40404040404041,100.0,0.2160033323385451,64.64646464646465,44.0,0.1582774784170895,,,
304,16.16161616161616,28.000000000000004,0.9253482088250956,63.63636363636365,76.0,0.1375918865681063,64.64646464646465,96.0,0.1235159806525536,,,
305,95.95959595959596,12.0,0.8553792682490168,19.19191919191919,32.0,0.747854613468285,55.55555555555556,0.0,0.2490208806545249,,,
306,80.80808080808082,12.0,0.1557157095762634,81.81818181818183,12.0,0.7933478744725955,96.96969696969695,72.0,0.7976021199709851,,,
307,54.54545454545456,68.0,0.1725424791544997,,,,79.7979797979798,20.0,0.1466479361981375,,,
308,74.74747474747475,44.0,0.1332996758508877,64.64646464646465,96.0,0.1235159806525536,40.40404040404041,76.0,0.2408382600140532,,,
309,36.36363636363636,20.0,0.3718678355146768,79.7979797979798,100.0,0.09499361800414,41.41414141414142,52.0,0.2633548674862828,,,
310,80.80808080808082,8.0,0.1607642569445392,70.70707070707071,72.0,0.1234657884825748,,,,,,
311,94.94949494949496,96.0,0.3287088962137162,,,,7.07070707070707,60.0,1.713216460943784,,,
312,96.96969696969695,100.0,0.6801788143537144,71.71717171717172,48.0,0.1367763811319665,,,,,,
313,72.72727272727273,20.0,0.1579434287274023,4.04040404040404,48.0,2.5881510458738526,82.82828282828284,28.000000000000004,0.1397607192262857,,,
314,33.33333333333333,28.000000000000004,0.3948700998535997,46.46464646464647,52.0,0.2281430292530321,0.0,8.0,5.587240011559577,,,
315,2.02020202020202,64.0,3.3101705065675766,38.38383838383838,12.0,0.3655900851629792,58.58585858585859,76.0,0.1521682796584693,,,
316,95.95959595959596,84.0,0.5077841983974437,77.77777777777779,8.0,0.9084200943882338,,,,,,
317,96.96969696969695,32.0,1.0118360707919274,94.94949494949496,96.0,0.3287088962137162,69.6969696969697,0.0,0.1889087232636665,,,
318,26.26262626262626,60.0,0.4444479456610041,69.6969696969697,72.0,0.1256071619755573,28.282828282828287,64.0,0.397756979329766,,,
319,21.21212121212121,52.0,0.598381716934773,,,,,,,,,
320,92.92929292929294,44.0,0.2999372502512158,40.40404040404041,76.0,0.2408382600140532,,,,,,
321,46.46464646464647,76.0,0.2024417484134015,,,,78.7878787878788,96.0,0.0979199550495837,,,
322,94.94949494949496,60.0,0.4370997083075933,,,,88.8888888888889,96.0,0.1050258332116636,,,
323,1.01010101010101,76.0,3.829058368555796,66.66666666666667,16.0,0.7484111423490638,37.37373737373737,32.0,0.3343968200060714,,,
324,69.6969696969697,72.0,0.1256071619755573,77.77777777777779,96.0,0.099293305207319,44.44444444444445,100.0,0.1919518017729041,,,
325,38.38383838383838,12.0,0.3655900851629792,95.95959595959596,8.0,0.8822387884682793,4.04040404040404,4.0,3.0947932795563085,,,
326,47.47474747474748,16.0,0.2730360288935293,1.01010101010101,76.0,3.829058368555796,65.65656565656566,68.0,0.1375622216639099,,,
327,55.55555555555556,28.000000000000004,0.2086336729225725,19.19191919191919,60.0,0.6457455963171298,97.979797979798,92.0,1.1026774339925978,,,
